Timestamp,session.code,participant.label,q1,q2,q3,q4,q5,q6,q7,q8,q9,q10,q11,q12,q13,q14,q15,q16,q17,q18,q19,q20,q21,q22,q23,q24,q25
2023/06/02 3:36:57 PM GMT+9,aa79cz46,901,はい、わかりやすかったです,いいえ、簡単でした,売り買いしたことがない,売り買いしたことがない,ネットオークションで購入したことがない,ネットオークションで購入したことがない,ネットオークションで購入したことがない,該当なし,即決価格で購入した場合がある,評価価格の方が高かったので、確実に利益が欲しかったから。,その店ですぐに購入する,世間での話題もひと段落して、行列ができなくなった頃になってから食べに行く,くじ１：賞金A＝2800円、賞金B＝2800円,1か月後に3000円を受け取る,25,30,24,20,3000,10,20,損失を出している,4,9,29
2023/06/02 3:37:10 PM GMT+9,aa79cz46,902,はい、わかりやすかったです,はい、難しかったです,売り買いしたことがない,売り買いしたことがない,ネットオークションで購入したことがない,ネットオークションで購入したことがない,ネットオークションで購入したことがない,該当なし,即決価格で購入した場合がある,即決価格で購入しても利益が得られたから,その店ですぐに購入する,比較的混んでいない時間帯まで待ってから出かける,くじ２：賞金A＝2400円、賞金B＝3600円,3797円,25,30,47,100,2000,5,20,損失を出している,50,5,29
2023/06/02 3:37:12 PM GMT+9,aa79cz46,905,はい、わかりやすかったです,いいえ、簡単でした,売り買いしたことがない,売り買いしたことがない,ネットオークションで購入したことがない,ネットオークションで購入したことがない,ネットオークションで購入したことがない,該当なし,即決価格で購入した場合がある,一定額以上の利益が得られ、仮に落札できなかったとしても損をすることはないから。,他の店にも足を運び、一番値段が安い店を探す,比較的混んでいない時間帯まで待ってから出かける,くじ２：賞金A＝2400円、賞金B＝3600円,3548円,25,25,47,5,1000,5,20,損失を出している,50,4,29
2023/06/02 3:38:39 PM GMT+9,aa79cz46,909,はい、わかりやすかったです,いいえ、簡単でした,売り買いしたことがない,売り買いしたことがない,ネットオークションで購入したことがない,ネットオークションで購入したことがない,ネットオークションで購入したことがない,該当なし,即決価格で購入した場合がある,大幅な利益よりも小さい利益を確実に取りたかったから,ネットでの評判を確認したり、他の誰かに一度相談してから購入するかどうかを決める,比較的混んでいない時間帯まで待ってから出かける,くじ２：賞金A＝2400円、賞金B＝3600円,3797円,25,30,47,5,2000,5,14,損失を出している,9,4,29
2023/06/02 3:40:12 PM GMT+9,aa79cz46,910,はい、わかりやすかったです,いいえ、簡単でした,売り買いしたことがない,売り買いしたことがない,ネットオークションで購入したことがない,ネットオークションで購入したことがない,ネットオークションで購入したことがない,該当なし,即決価格で購入した場合がある,即日価格が下回っていたから,その店ですぐに購入する,世間での話題もひと段落して、行列ができなくなった頃になってから食べに行く,くじ３：賞金A＝2000円、賞金B＝4400円,1か月後に3000円を受け取る,25,30,47,5,2000,5,28,損失を出している,20,5,29
2023/06/02 3:40:20 PM GMT+9,aa79cz46,908,はい、わかりやすかったです,はい、難しかったです,売り買いしたことがない,売り買いしたことがない,ネットオークションで購入したことがない,ネットオークションで購入したことがない,ネットオークションで購入したことがない,該当なし,即決価格で購入した場合がある,利益が出るから,他の店にも足を運び、一番値段が安い店を探す,比較的混んでいない時間帯まで待ってから出かける,くじ５：賞金A＝1200円、賞金B＝6000円,1か月後に3000円を受け取る,40,30,47,5,2000,10,35,損失を出している,8,4,29
2023/06/02 3:40:22 PM GMT+9,aa79cz46,906,はい、わかりやすかったです,いいえ、簡単でした,売り買いしたことがない,売り買いしたことがない,ネットオークションで購入したことがない,ネットオークションで購入したことがない,ネットオークションで購入したことがない,該当なし,即決価格で購入した場合がある,自分が許容可能な差額であれば即決価格でもかまわないから,その店ですぐに購入する,比較的混んでいない時間帯まで待ってから出かける,くじ６：賞金A＝200円、賞金B＝7000円,1か月後に3000円を受け取る,40,30,24,5,1000,10,45,損失を出している,20,4,30
2023/06/02 3:40:31 PM GMT+9,aa79cz46,904,はい、わかりやすかったです,いいえ、簡単でした,売り買いしたことがない,売り買いしたことがない,ネットオークションで購入したことがない,ネットオークションで購入したことがない,ネットオークションで購入したことがない,該当なし,即決価格で購入した場合がある,特になし,ネットでの評判を確認したり、他の誰かに一度相談してから購入するかどうかを決める,世間での話題もひと段落して、行列ができなくなった頃になってから食べに行く,くじ３：賞金A＝2000円、賞金B＝4400円,3467円,25,25,24,100,1000,10,20,利益を上げている,80,4,29
2023/06/02 3:41:24 PM GMT+9,aa79cz46,903,はい、わかりやすかったです,はい、難しかったです,売り買いしたことがない,売り買いしたことがない,ネットオークションで購入したことがない,ネットオークションで購入したことがない,ネットオークションで購入したことがない,該当なし,即決価格で購入した場合がある,自分の評価値のほうが高かったため。,ネットでの評判を確認したり、他の誰かに一度相談してから購入するかどうかを決める,比較的混んでいない時間帯まで待ってから出かける,くじ１：賞金A＝2800円、賞金B＝2800円,3797円,8,30,47,5,2000,10,20,損失を出している,50,4,29
2023/06/02 3:45:01 PM GMT+9,aa79cz46,911,はい、わかりやすかったです,いいえ、簡単でした,物を買ったことがある,それ以下の頻度,入札終了直前まで様子を見て、一気に高い価格を付けて落札をねらう,入札価格が即決価格に近くなるまで、即決価格では購入しない,どちらでもかまわない,該当なし,即決価格で購入した場合がある,特になし,その店ですぐに購入する,比較的混んでいない時間帯まで待ってから出かける,くじ２：賞金A＝2400円、賞金B＝3600円,3797円,25,30,47,100,2000,50,20,利益を上げている,50,3,28