participant.id_in_session,participant.code,participant.label,participant._is_bot,participant._index_in_pages,participant._max_page_index,participant._current_app_name,participant._current_page_name,participant.time_started_utc,participant.visited,participant.mturk_worker_id,participant.mturk_assignment_id,participant.payoff,participant.age,participant.expiry,session.code,session.label,session.mturk_HITId,session.mturk_HITGroupId,session.comment,session.is_demo,session.config.use_browser_bots,session.config.name,session.config.real_world_currency_per_point,session.config.treatment,session.config.participation_fee,session.config.num_rounds,session.config.fix_rounds,TucchisAuction.1.player.id_in_group,TucchisAuction.1.player.role,TucchisAuction.1.player.payoff,TucchisAuction.1.group.id_in_subsession,TucchisAuction.1.subsession.round_number,kto.1.player.id_in_group,kto.1.player.role,kto.1.player.payoff,kto.1.player.private_value,kto.1.player.discounted_private_value,kto.1.player.delta_value,kto.1.player.bid_amount,kto.1.player.time_discount_rate,kto.1.player.time_discount_percentage,kto.1.player.pay_amount,kto.1.player.pay_amount2,kto.1.player.is_buyout,kto.1.player.is_winning_buyer,kto.1.player.is_winning_bidder,kto.1.group.id_in_subsession,kto.1.group.buyout_price,kto.1.group.is_sold,kto.1.group.highest_bid,kto.1.group.payment_price,kto.1.group.num_buyout_in_group,kto.1.group.num_of_group,kto.1.subsession.round_number,kto.1.subsession.treatment_id,kto.1.subsession.delta,kto.2.player.id_in_group,kto.2.player.role,kto.2.player.payoff,kto.2.player.private_value,kto.2.player.discounted_private_value,kto.2.player.delta_value,kto.2.player.bid_amount,kto.2.player.time_discount_rate,kto.2.player.time_discount_percentage,kto.2.player.pay_amount,kto.2.player.pay_amount2,kto.2.player.is_buyout,kto.2.player.is_winning_buyer,kto.2.player.is_winning_bidder,kto.2.group.id_in_subsession,kto.2.group.buyout_price,kto.2.group.is_sold,kto.2.group.highest_bid,kto.2.group.payment_price,kto.2.group.num_buyout_in_group,kto.2.group.num_of_group,kto.2.subsession.round_number,kto.2.subsession.treatment_id,kto.2.subsession.delta,kto.3.player.id_in_group,kto.3.player.role,kto.3.player.payoff,kto.3.player.private_value,kto.3.player.discounted_private_value,kto.3.player.delta_value,kto.3.player.bid_amount,kto.3.player.time_discount_rate,kto.3.player.time_discount_percentage,kto.3.player.pay_amount,kto.3.player.pay_amount2,kto.3.player.is_buyout,kto.3.player.is_winning_buyer,kto.3.player.is_winning_bidder,kto.3.group.id_in_subsession,kto.3.group.buyout_price,kto.3.group.is_sold,kto.3.group.highest_bid,kto.3.group.payment_price,kto.3.group.num_buyout_in_group,kto.3.group.num_of_group,kto.3.subsession.round_number,kto.3.subsession.treatment_id,kto.3.subsession.delta,kto.4.player.id_in_group,kto.4.player.role,kto.4.player.payoff,kto.4.player.private_value,kto.4.player.discounted_private_value,kto.4.player.delta_value,kto.4.player.bid_amount,kto.4.player.time_discount_rate,kto.4.player.time_discount_percentage,kto.4.player.pay_amount,kto.4.player.pay_amount2,kto.4.player.is_buyout,kto.4.player.is_winning_buyer,kto.4.player.is_winning_bidder,kto.4.group.id_in_subsession,kto.4.group.buyout_price,kto.4.group.is_sold,kto.4.group.highest_bid,kto.4.group.payment_price,kto.4.group.num_buyout_in_group,kto.4.group.num_of_group,kto.4.subsession.round_number,kto.4.subsession.treatment_id,kto.4.subsession.delta,kto.5.player.id_in_group,kto.5.player.role,kto.5.player.payoff,kto.5.player.private_value,kto.5.player.discounted_private_value,kto.5.player.delta_value,kto.5.player.bid_amount,kto.5.player.time_discount_rate,kto.5.player.time_discount_percentage,kto.5.player.pay_amount,kto.5.player.pay_amount2,kto.5.player.is_buyout,kto.5.player.is_winning_buyer,kto.5.player.is_winning_bidder,kto.5.group.id_in_subsession,kto.5.group.buyout_price,kto.5.group.is_sold,kto.5.group.highest_bid,kto.5.group.payment_price,kto.5.group.num_buyout_in_group,kto.5.group.num_of_group,kto.5.subsession.round_number,kto.5.subsession.treatment_id,kto.5.subsession.delta,kto.6.player.id_in_group,kto.6.player.role,kto.6.player.payoff,kto.6.player.private_value,kto.6.player.discounted_private_value,kto.6.player.delta_value,kto.6.player.bid_amount,kto.6.player.time_discount_rate,kto.6.player.time_discount_percentage,kto.6.player.pay_amount,kto.6.player.pay_amount2,kto.6.player.is_buyout,kto.6.player.is_winning_buyer,kto.6.player.is_winning_bidder,kto.6.group.id_in_subsession,kto.6.group.buyout_price,kto.6.group.is_sold,kto.6.group.highest_bid,kto.6.group.payment_price,kto.6.group.num_buyout_in_group,kto.6.group.num_of_group,kto.6.subsession.round_number,kto.6.subsession.treatment_id,kto.6.subsession.delta,kto.7.player.id_in_group,kto.7.player.role,kto.7.player.payoff,kto.7.player.private_value,kto.7.player.discounted_private_value,kto.7.player.delta_value,kto.7.player.bid_amount,kto.7.player.time_discount_rate,kto.7.player.time_discount_percentage,kto.7.player.pay_amount,kto.7.player.pay_amount2,kto.7.player.is_buyout,kto.7.player.is_winning_buyer,kto.7.player.is_winning_bidder,kto.7.group.id_in_subsession,kto.7.group.buyout_price,kto.7.group.is_sold,kto.7.group.highest_bid,kto.7.group.payment_price,kto.7.group.num_buyout_in_group,kto.7.group.num_of_group,kto.7.subsession.round_number,kto.7.subsession.treatment_id,kto.7.subsession.delta,kto.8.player.id_in_group,kto.8.player.role,kto.8.player.payoff,kto.8.player.private_value,kto.8.player.discounted_private_value,kto.8.player.delta_value,kto.8.player.bid_amount,kto.8.player.time_discount_rate,kto.8.player.time_discount_percentage,kto.8.player.pay_amount,kto.8.player.pay_amount2,kto.8.player.is_buyout,kto.8.player.is_winning_buyer,kto.8.player.is_winning_bidder,kto.8.group.id_in_subsession,kto.8.group.buyout_price,kto.8.group.is_sold,kto.8.group.highest_bid,kto.8.group.payment_price,kto.8.group.num_buyout_in_group,kto.8.group.num_of_group,kto.8.subsession.round_number,kto.8.subsession.treatment_id,kto.8.subsession.delta,kto.9.player.id_in_group,kto.9.player.role,kto.9.player.payoff,kto.9.player.private_value,kto.9.player.discounted_private_value,kto.9.player.delta_value,kto.9.player.bid_amount,kto.9.player.time_discount_rate,kto.9.player.time_discount_percentage,kto.9.player.pay_amount,kto.9.player.pay_amount2,kto.9.player.is_buyout,kto.9.player.is_winning_buyer,kto.9.player.is_winning_bidder,kto.9.group.id_in_subsession,kto.9.group.buyout_price,kto.9.group.is_sold,kto.9.group.highest_bid,kto.9.group.payment_price,kto.9.group.num_buyout_in_group,kto.9.group.num_of_group,kto.9.subsession.round_number,kto.9.subsession.treatment_id,kto.9.subsession.delta,kto.10.player.id_in_group,kto.10.player.role,kto.10.player.payoff,kto.10.player.private_value,kto.10.player.discounted_private_value,kto.10.player.delta_value,kto.10.player.bid_amount,kto.10.player.time_discount_rate,kto.10.player.time_discount_percentage,kto.10.player.pay_amount,kto.10.player.pay_amount2,kto.10.player.is_buyout,kto.10.player.is_winning_buyer,kto.10.player.is_winning_bidder,kto.10.group.id_in_subsession,kto.10.group.buyout_price,kto.10.group.is_sold,kto.10.group.highest_bid,kto.10.group.payment_price,kto.10.group.num_buyout_in_group,kto.10.group.num_of_group,kto.10.subsession.round_number,kto.10.subsession.treatment_id,kto.10.subsession.delta,kto.11.player.id_in_group,kto.11.player.role,kto.11.player.payoff,kto.11.player.private_value,kto.11.player.discounted_private_value,kto.11.player.delta_value,kto.11.player.bid_amount,kto.11.player.time_discount_rate,kto.11.player.time_discount_percentage,kto.11.player.pay_amount,kto.11.player.pay_amount2,kto.11.player.is_buyout,kto.11.player.is_winning_buyer,kto.11.player.is_winning_bidder,kto.11.group.id_in_subsession,kto.11.group.buyout_price,kto.11.group.is_sold,kto.11.group.highest_bid,kto.11.group.payment_price,kto.11.group.num_buyout_in_group,kto.11.group.num_of_group,kto.11.subsession.round_number,kto.11.subsession.treatment_id,kto.11.subsession.delta,kto.12.player.id_in_group,kto.12.player.role,kto.12.player.payoff,kto.12.player.private_value,kto.12.player.discounted_private_value,kto.12.player.delta_value,kto.12.player.bid_amount,kto.12.player.time_discount_rate,kto.12.player.time_discount_percentage,kto.12.player.pay_amount,kto.12.player.pay_amount2,kto.12.player.is_buyout,kto.12.player.is_winning_buyer,kto.12.player.is_winning_bidder,kto.12.group.id_in_subsession,kto.12.group.buyout_price,kto.12.group.is_sold,kto.12.group.highest_bid,kto.12.group.payment_price,kto.12.group.num_buyout_in_group,kto.12.group.num_of_group,kto.12.subsession.round_number,kto.12.subsession.treatment_id,kto.12.subsession.delta,kto.13.player.id_in_group,kto.13.player.role,kto.13.player.payoff,kto.13.player.private_value,kto.13.player.discounted_private_value,kto.13.player.delta_value,kto.13.player.bid_amount,kto.13.player.time_discount_rate,kto.13.player.time_discount_percentage,kto.13.player.pay_amount,kto.13.player.pay_amount2,kto.13.player.is_buyout,kto.13.player.is_winning_buyer,kto.13.player.is_winning_bidder,kto.13.group.id_in_subsession,kto.13.group.buyout_price,kto.13.group.is_sold,kto.13.group.highest_bid,kto.13.group.payment_price,kto.13.group.num_buyout_in_group,kto.13.group.num_of_group,kto.13.subsession.round_number,kto.13.subsession.treatment_id,kto.13.subsession.delta,kto.14.player.id_in_group,kto.14.player.role,kto.14.player.payoff,kto.14.player.private_value,kto.14.player.discounted_private_value,kto.14.player.delta_value,kto.14.player.bid_amount,kto.14.player.time_discount_rate,kto.14.player.time_discount_percentage,kto.14.player.pay_amount,kto.14.player.pay_amount2,kto.14.player.is_buyout,kto.14.player.is_winning_buyer,kto.14.player.is_winning_bidder,kto.14.group.id_in_subsession,kto.14.group.buyout_price,kto.14.group.is_sold,kto.14.group.highest_bid,kto.14.group.payment_price,kto.14.group.num_buyout_in_group,kto.14.group.num_of_group,kto.14.subsession.round_number,kto.14.subsession.treatment_id,kto.14.subsession.delta,kto.15.player.id_in_group,kto.15.player.role,kto.15.player.payoff,kto.15.player.private_value,kto.15.player.discounted_private_value,kto.15.player.delta_value,kto.15.player.bid_amount,kto.15.player.time_discount_rate,kto.15.player.time_discount_percentage,kto.15.player.pay_amount,kto.15.player.pay_amount2,kto.15.player.is_buyout,kto.15.player.is_winning_buyer,kto.15.player.is_winning_bidder,kto.15.group.id_in_subsession,kto.15.group.buyout_price,kto.15.group.is_sold,kto.15.group.highest_bid,kto.15.group.payment_price,kto.15.group.num_buyout_in_group,kto.15.group.num_of_group,kto.15.subsession.round_number,kto.15.subsession.treatment_id,kto.15.subsession.delta,kto.16.player.id_in_group,kto.16.player.role,kto.16.player.payoff,kto.16.player.private_value,kto.16.player.discounted_private_value,kto.16.player.delta_value,kto.16.player.bid_amount,kto.16.player.time_discount_rate,kto.16.player.time_discount_percentage,kto.16.player.pay_amount,kto.16.player.pay_amount2,kto.16.player.is_buyout,kto.16.player.is_winning_buyer,kto.16.player.is_winning_bidder,kto.16.group.id_in_subsession,kto.16.group.buyout_price,kto.16.group.is_sold,kto.16.group.highest_bid,kto.16.group.payment_price,kto.16.group.num_buyout_in_group,kto.16.group.num_of_group,kto.16.subsession.round_number,kto.16.subsession.treatment_id,kto.16.subsession.delta,kto.17.player.id_in_group,kto.17.player.role,kto.17.player.payoff,kto.17.player.private_value,kto.17.player.discounted_private_value,kto.17.player.delta_value,kto.17.player.bid_amount,kto.17.player.time_discount_rate,kto.17.player.time_discount_percentage,kto.17.player.pay_amount,kto.17.player.pay_amount2,kto.17.player.is_buyout,kto.17.player.is_winning_buyer,kto.17.player.is_winning_bidder,kto.17.group.id_in_subsession,kto.17.group.buyout_price,kto.17.group.is_sold,kto.17.group.highest_bid,kto.17.group.payment_price,kto.17.group.num_buyout_in_group,kto.17.group.num_of_group,kto.17.subsession.round_number,kto.17.subsession.treatment_id,kto.17.subsession.delta,kto.18.player.id_in_group,kto.18.player.role,kto.18.player.payoff,kto.18.player.private_value,kto.18.player.discounted_private_value,kto.18.player.delta_value,kto.18.player.bid_amount,kto.18.player.time_discount_rate,kto.18.player.time_discount_percentage,kto.18.player.pay_amount,kto.18.player.pay_amount2,kto.18.player.is_buyout,kto.18.player.is_winning_buyer,kto.18.player.is_winning_bidder,kto.18.group.id_in_subsession,kto.18.group.buyout_price,kto.18.group.is_sold,kto.18.group.highest_bid,kto.18.group.payment_price,kto.18.group.num_buyout_in_group,kto.18.group.num_of_group,kto.18.subsession.round_number,kto.18.subsession.treatment_id,kto.18.subsession.delta,kto.19.player.id_in_group,kto.19.player.role,kto.19.player.payoff,kto.19.player.private_value,kto.19.player.discounted_private_value,kto.19.player.delta_value,kto.19.player.bid_amount,kto.19.player.time_discount_rate,kto.19.player.time_discount_percentage,kto.19.player.pay_amount,kto.19.player.pay_amount2,kto.19.player.is_buyout,kto.19.player.is_winning_buyer,kto.19.player.is_winning_bidder,kto.19.group.id_in_subsession,kto.19.group.buyout_price,kto.19.group.is_sold,kto.19.group.highest_bid,kto.19.group.payment_price,kto.19.group.num_buyout_in_group,kto.19.group.num_of_group,kto.19.subsession.round_number,kto.19.subsession.treatment_id,kto.19.subsession.delta,kto.20.player.id_in_group,kto.20.player.role,kto.20.player.payoff,kto.20.player.private_value,kto.20.player.discounted_private_value,kto.20.player.delta_value,kto.20.player.bid_amount,kto.20.player.time_discount_rate,kto.20.player.time_discount_percentage,kto.20.player.pay_amount,kto.20.player.pay_amount2,kto.20.player.is_buyout,kto.20.player.is_winning_buyer,kto.20.player.is_winning_bidder,kto.20.group.id_in_subsession,kto.20.group.buyout_price,kto.20.group.is_sold,kto.20.group.highest_bid,kto.20.group.payment_price,kto.20.group.num_buyout_in_group,kto.20.group.num_of_group,kto.20.subsession.round_number,kto.20.subsession.treatment_id,kto.20.subsession.delta
1,5pv86lef,77777,0,162,162,kto,FinalResults,2023-10-13 01:58:43.539570,1,,,1412.0,,,cukcduqr,,,,,0,0,kto,1.0,3,1000.0,20,3,1,,0.0,1,1,1,,0.0,220.0,132.0,132.0,,0.6,60,-520.0,ー520円,1,0,0,1,740.0,1,,,1,4,1,11,0.6,1,,306.0,610.0,366.0,366.0,366.0,0.6,60,60.0,ー130円,1,0,1,1,740.0,0,366.0,60.0,0,2,2,19,0.6,1,,210.0,560.0,560.0,336.0,560.0,1.0,60,350.0,ー180円,1,0,1,1,740.0,0,560.0,350.0,0,2,3,9,0.6,1,,0.0,490.0,490.0,294.0,,1.0,60,-250.0,ー250円,1,0,0,1,740.0,1,,,1,2,4,6,0.6,1,,0.0,770.0,462.0,462.0,,0.6,60,30.0,30円,1,0,0,1,740.0,1,,,1,4,5,14,0.6,1,,0.0,70.0,70.0,42.0,70.0,1.0,60,0.0,ー670円,1,0,0,1,740.0,0,500.0,70.0,0,2,6,8,0.6,1,,0.0,430.0,430.0,258.0,,1.0,60,-310.0,ー310円,1,0,0,1,740.0,1,,,1,4,7,3,0.6,1,,0.0,790.0,790.0,474.0,,1.0,60,50.0,50円,1,0,0,1,740.0,1,,,1,4,8,4,0.6,1,,170.0,910.0,546.0,546.0,,0.6,60,170.0,170円,999,1,0,1,740.0,1,,,1,2,9,18,0.6,1,,0.0,350.0,210.0,210.0,,0.6,60,-390.0,ー390円,1,0,0,1,740.0,1,,,1,2,10,17,0.6,1,,0.0,100.0,100.0,60.0,,1.0,60,-640.0,ー640円,1,0,0,1,740.0,1,,,2,4,11,2,0.6,1,,480.0,640.0,640.0,384.0,640.0,1.0,60,160.0,ー100円,1,0,1,1,740.0,0,640.0,160.0,0,2,12,10,0.6,1,,0.0,280.0,280.0,168.0,280.0,1.0,60,0.0,ー460円,1,0,0,1,740.0,0,610.0,280.0,0,2,13,7,0.6,1,,0.0,850.0,510.0,510.0,,0.6,60,110.0,110円,999,0,0,1,740.0,1,,,2,4,14,15,0.6,1,,240.0,980.0,980.0,588.0,,1.0,60,240.0,240円,999,1,0,1,740.0,1,,,1,4,15,5,0.6,1,,0.0,320.0,192.0,192.0,,0.6,60,-420.0,ー420円,1,0,0,1,740.0,1,,,2,4,16,12,0.6,1,,6.0,500.0,300.0,300.0,300.0,0.6,60,294.0,ー240円,1,0,1,1,740.0,0,300.0,294.0,0,2,17,20,0.6,1,,0.0,160.0,96.0,96.0,96.0,0.6,60,0.0,ー580円,1,0,0,1,740.0,0,384.0,96.0,0,2,18,16,0.6,1,,0.0,30.0,30.0,18.0,,1.0,60,-710.0,ー710円,1,0,0,1,740.0,1,,,1,4,19,1,0.6,1,,0.0,540.0,324.0,324.0,,0.6,60,-200.0,ー200円,1,0,0,1,740.0,1,,,1,4,20,13,0.6
2,9n7ou22p,88888,0,162,162,kto,FinalResults,2023-10-13 01:58:47.436157,1,,,1598.0,,,cukcduqr,,,,,0,0,kto,1.0,3,1000.0,20,3,2,,0.0,1,1,2,,0.0,320.0,192.0,192.0,192.0,0.6,60,0.0,ー420円,1,0,0,3,740.0,0,336.0,192.0,0,4,1,11,0.6,2,,0.0,100.0,60.0,60.0,60.0,0.6,60,0.0,ー640円,1,0,0,3,740.0,0,340.0,60.0,0,2,2,19,0.6,2,,50.0,350.0,350.0,210.0,350.0,1.0,60,300.0,ー390円,1,0,1,7,740.0,0,350.0,300.0,0,2,3,9,0.6,2,,170.0,910.0,910.0,546.0,,1.0,60,170.0,170円,999,1,0,1,740.0,1,,,1,2,4,6,0.6,2,,100.0,840.0,504.0,504.0,,0.6,60,100.0,100円,999,1,0,1,740.0,1,,,1,4,5,14,0.6,2,,400.0,500.0,500.0,300.0,500.0,1.0,60,100.0,ー240円,1,0,1,5,740.0,0,500.0,100.0,0,2,6,8,0.6,2,,0.0,790.0,790.0,474.0,,1.0,60,50.0,50円,1,0,0,3,740.0,1,,,1,4,7,3,0.6,2,,240.0,980.0,980.0,588.0,,1.0,60,240.0,240円,999,1,0,4,740.0,1,,,1,4,8,4,0.6,2,,0.0,70.0,42.0,42.0,,0.6,60,-670.0,ー670円,1,0,0,5,740.0,1,,,1,2,9,18,0.6,2,,0.0,860.0,516.0,516.0,516.0,0.6,60,0.0,120円,1,0,0,7,740.0,0,1000.0,516.0,0,2,10,17,0.6,2,,0.0,430.0,430.0,258.0,,1.0,60,-310.0,ー310円,1,0,0,2,740.0,1,,,2,4,11,2,0.6,2,,0.0,160.0,160.0,96.0,160.0,1.0,60,0.0,ー580円,1,0,0,3,740.0,0,620.0,160.0,0,2,12,10,0.6,2,,350.0,610.0,610.0,366.0,610.0,1.0,60,260.0,ー130円,1,0,1,3,740.0,0,610.0,260.0,0,2,13,7,0.6,2,,0.0,220.0,132.0,132.0,,0.6,60,-520.0,ー520円,1,0,0,2,740.0,1,,,2,4,14,15,0.6,2,,0.0,30.0,30.0,18.0,,1.0,60,-710.0,ー710円,1,0,0,2,740.0,1,,,1,4,15,5,0.6,2,,0.0,540.0,324.0,324.0,,0.6,60,-200.0,ー200円,1,0,0,4,740.0,1,,,2,4,16,12,0.6,2,,0.0,490.0,294.0,294.0,294.0,0.6,60,0.0,ー250円,1,0,0,5,740.0,0,300.0,294.0,0,2,17,20,0.6,2,,288.0,640.0,384.0,384.0,384.0,0.6,60,96.0,ー100円,1,0,1,1,740.0,0,384.0,96.0,0,2,18,16,0.6,2,,0.0,280.0,280.0,168.0,,1.0,60,-460.0,ー460円,1,0,0,1,740.0,1,,,1,4,19,1,0.6,2,,0.0,770.0,462.0,462.0,,0.6,60,30.0,30円,1,0,0,1,740.0,1,,,1,4,20,13,0.6
3,7w0xmdyn,911,0,162,162,kto,FinalResults,2023-10-13 02:16:11.349557,1,,,1481.0,,,cukcduqr,,,,,0,0,kto,1.0,3,1000.0,20,3,3,,0.0,1,1,3,,0.0,160.0,96.0,96.0,44.0,0.6,60,0.0,ー580円,1,0,0,3,740.0,0,336.0,192.0,0,4,1,11,0.6,1,,316.0,610.0,366.0,366.0,300.0,0.6,60,50.0,ー130円,1,0,1,2,740.0,0,300.0,50.0,0,2,2,19,0.6,1,,210.0,560.0,560.0,336.0,500.0,1.0,60,350.0,ー180円,1,0,1,2,740.0,0,500.0,350.0,0,2,3,9,0.6,1,,0.0,490.0,490.0,294.0,,1.0,60,-250.0,ー250円,1,0,0,2,740.0,1,,,1,2,4,6,0.6,3,,0.0,320.0,192.0,192.0,,0.6,60,-420.0,ー420円,1,0,0,3,740.0,1,,,2,4,5,14,0.6,1,,0.0,70.0,70.0,42.0,69.0,1.0,60,0.0,ー670円,1,0,0,2,740.0,0,600.0,69.0,0,2,6,8,0.6,3,,240.0,980.0,980.0,588.0,,1.0,60,240.0,240円,999,1,0,2,740.0,1,,,1,4,7,3,0.6,3,,0.0,30.0,30.0,18.0,,1.0,60,-710.0,ー710円,1,0,0,1,740.0,1,,,1,4,8,4,0.6,1,,170.0,910.0,546.0,546.0,,0.6,60,170.0,170円,999,1,0,2,740.0,1,,,1,2,9,18,0.6,1,,0.0,740.0,444.0,444.0,,0.6,60,0.0,ー0円,1,0,0,2,740.0,1,,,1,2,10,17,0.6,3,,50.0,790.0,790.0,474.0,,1.0,60,50.0,50円,999,1,0,4,740.0,1,,,2,4,11,2,0.6,1,,490.0,640.0,640.0,384.0,639.0,1.0,60,150.0,ー100円,1,0,1,2,740.0,0,639.0,150.0,0,2,12,10,0.6,1,,0.0,280.0,280.0,168.0,279.0,1.0,60,0.0,ー460円,1,0,0,2,740.0,0,650.0,279.0,0,2,13,7,0.6,3,,0.0,350.0,210.0,210.0,,0.6,60,-390.0,ー390円,1,0,0,4,740.0,1,,,2,4,14,15,0.6,3,,0.0,100.0,100.0,60.0,,1.0,60,-640.0,ー640円,1,0,0,3,740.0,1,,,1,4,15,5,0.6,3,,0.0,770.0,462.0,462.0,,0.6,60,30.0,30円,999,0,0,2,740.0,1,,,2,4,16,12,0.6,1,,5.0,500.0,300.0,300.0,299.0,0.6,60,295.0,ー240円,1,0,1,2,740.0,0,299.0,295.0,0,2,17,20,0.6,1,,0.0,480.0,288.0,288.0,287.0,0.6,60,0.0,ー260円,1,0,0,2,740.0,0,385.0,287.0,0,2,18,16,0.6,3,,0.0,430.0,430.0,258.0,,1.0,60,-310.0,ー310円,1,0,0,1,740.0,1,,,1,4,19,1,0.6,3,,0.0,850.0,510.0,510.0,,0.6,60,110.0,110円,999,0,0,2,740.0,1,,,2,4,20,13,0.6
4,199m0n7x,910,0,162,162,kto,FinalResults,2023-10-13 02:16:38.930690,1,,,850.0,,,cukcduqr,,,,,0,0,kto,1.0,3,1000.0,20,3,4,,0.0,1,1,4,,0.0,560.0,336.0,336.0,,0.6,60,-180.0,ー180円,1,0,0,1,740.0,1,,,1,4,1,11,0.6,2,,0.0,100.0,60.0,60.0,50.0,0.6,60,0.0,ー640円,1,0,0,2,740.0,0,300.0,50.0,0,2,2,19,0.6,2,,100.0,350.0,350.0,210.0,300.0,1.0,60,250.0,ー390円,1,0,1,8,740.0,0,300.0,250.0,0,2,3,9,0.6,2,,170.0,910.0,910.0,546.0,,1.0,60,170.0,170円,999,1,0,2,740.0,1,,,1,2,4,6,0.6,4,,0.0,240.0,144.0,144.0,,0.6,60,-500.0,ー500円,1,0,0,4,740.0,1,,,2,4,5,14,0.6,2,,200.0,500.0,500.0,300.0,400.0,1.0,60,300.0,ー240円,1,0,1,6,740.0,0,400.0,300.0,0,2,6,8,0.6,4,,0.0,30.0,30.0,18.0,,1.0,60,-710.0,ー710円,1,0,0,3,740.0,1,,,1,4,7,3,0.6,4,,0.0,280.0,280.0,168.0,,1.0,60,-460.0,ー460円,1,0,0,4,740.0,1,,,1,4,8,4,0.6,2,,0.0,70.0,42.0,42.0,,0.6,60,-670.0,ー670円,1,0,0,8,740.0,1,,,1,2,9,18,0.6,2,,120.0,860.0,516.0,516.0,,0.6,60,120.0,120円,999,1,0,6,740.0,1,,,1,2,10,17,0.6,4,,0.0,980.0,980.0,588.0,,1.0,60,240.0,240円,999,0,0,2,740.0,1,,,2,4,11,2,0.6,2,,0.0,160.0,160.0,96.0,150.0,1.0,60,0.0,ー580円,1,0,0,2,740.0,0,639.0,150.0,0,2,12,10,0.6,2,,110.0,610.0,610.0,366.0,600.0,1.0,60,500.0,ー130円,1,0,1,4,740.0,0,600.0,500.0,0,2,13,7,0.6,4,,0.0,770.0,462.0,462.0,,0.6,60,30.0,30円,999,0,0,4,740.0,1,,,2,4,14,15,0.6,4,,0.0,430.0,430.0,258.0,,1.0,60,-310.0,ー310円,1,0,0,3,740.0,1,,,1,4,15,5,0.6,4,,100.0,840.0,504.0,504.0,,0.6,60,100.0,100円,999,1,0,2,740.0,1,,,2,4,16,12,0.6,2,,0.0,490.0,294.0,294.0,290.0,0.6,60,0.0,ー250円,1,0,0,4,740.0,0,500.0,290.0,0,2,17,20,0.6,2,,0.0,640.0,384.0,384.0,380.0,0.6,60,0.0,ー100円,1,0,0,4,740.0,0,488.0,380.0,0,2,18,16,0.6,4,,50.0,790.0,790.0,474.0,,1.0,60,50.0,50円,999,1,0,1,740.0,1,,,1,4,19,1,0.6,4,,0.0,320.0,192.0,192.0,,0.6,60,-420.0,ー420円,1,0,0,3,740.0,1,,,2,4,20,13,0.6
5,undckwg3,904,0,162,162,kto,FinalResults,2023-10-13 02:16:39.257358,1,,,1566.0,,,cukcduqr,,,,,0,0,kto,1.0,3,1000.0,20,3,5,,0.0,1,1,1,,0.0,220.0,132.0,132.0,125.0,0.6,60,0.0,ー520円,1,0,0,2,740.0,0,536.0,190.0,0,4,1,11,0.6,1,,306.0,610.0,366.0,366.0,340.0,0.6,60,60.0,ー130円,1,0,1,3,740.0,0,340.0,60.0,0,2,2,19,0.6,1,,210.0,560.0,560.0,336.0,540.0,1.0,60,350.0,ー180円,1,0,1,3,740.0,0,540.0,350.0,0,2,3,9,0.6,1,,0.0,490.0,490.0,294.0,,1.0,60,-250.0,ー250円,1,0,0,3,740.0,1,,,1,2,4,6,0.6,1,,0.0,770.0,462.0,462.0,,0.6,60,30.0,30円,999,0,0,2,740.0,1,,,3,4,5,14,0.6,1,,0.0,70.0,70.0,42.0,65.0,1.0,60,0.0,ー670円,1,0,0,3,740.0,0,500.0,65.0,0,2,6,8,0.6,1,,0.0,430.0,430.0,258.0,,1.0,60,-310.0,ー310円,1,0,0,2,740.0,1,,,1,4,7,3,0.6,1,,50.0,790.0,790.0,474.0,,1.0,60,50.0,50円,999,1,0,2,740.0,1,,,2,4,8,4,0.6,1,,170.0,910.0,546.0,546.0,,0.6,60,170.0,170円,999,1,0,3,740.0,1,,,1,2,9,18,0.6,1,,0.0,350.0,210.0,210.0,,0.6,60,-390.0,ー390円,1,0,0,3,740.0,1,,,1,2,10,17,0.6,1,,0.0,100.0,100.0,60.0,,1.0,60,-640.0,ー640円,1,0,0,2,740.0,1,,,2,4,11,2,0.6,1,,480.0,640.0,640.0,384.0,620.0,1.0,60,160.0,ー100円,1,0,1,3,740.0,0,620.0,160.0,0,2,12,10,0.6,1,,0.0,280.0,280.0,168.0,260.0,1.0,60,0.0,ー460円,1,0,0,3,740.0,0,610.0,260.0,0,2,13,7,0.6,1,,110.0,850.0,510.0,510.0,,0.6,60,110.0,110円,999,1,0,2,740.0,1,,,2,4,14,15,0.6,1,,240.0,980.0,980.0,588.0,,1.0,60,240.0,240円,999,1,0,2,740.0,1,,,1,4,15,5,0.6,1,,0.0,320.0,192.0,192.0,,0.6,60,-420.0,ー420円,1,0,0,2,740.0,1,,,2,4,16,12,0.6,1,,0.0,500.0,300.0,300.0,290.0,0.6,60,0.0,ー240円,1,0,0,3,740.0,0,294.0,290.0,0,2,17,20,0.6,1,,0.0,160.0,96.0,96.0,90.0,0.6,60,0.0,ー580円,1,0,0,3,740.0,0,384.0,90.0,0,2,18,16,0.6,1,,0.0,30.0,30.0,18.0,,1.0,60,-710.0,ー710円,1,0,0,2,740.0,1,,,1,4,19,1,0.6,1,,0.0,540.0,324.0,324.0,,0.6,60,-200.0,ー200円,1,0,0,2,740.0,1,,,2,4,20,13,0.6
6,33vv803e,902,0,162,162,kto,FinalResults,2023-10-13 02:16:39.594224,1,,,1534.0,,,cukcduqr,,,,,0,0,kto,1.0,3,1000.0,20,3,6,,0.0,1,1,2,,0.0,320.0,192.0,192.0,192.0,0.6,60,0.0,ー420円,1,0,0,4,740.0,0,336.0,192.0,0,4,1,11,0.6,2,,0.0,100.0,60.0,60.0,60.0,0.6,60,0.0,ー640円,1,0,0,5,740.0,0,300.0,60.0,0,2,2,19,0.6,2,,-50.0,350.0,350.0,210.0,700.0,1.0,60,400.0,ー390円,1,0,1,5,740.0,0,700.0,400.0,0,2,3,9,0.6,2,,170.0,910.0,910.0,546.0,,1.0,60,170.0,170円,999,1,0,3,740.0,1,,,1,2,4,6,0.6,2,,0.0,840.0,504.0,504.0,,0.6,60,100.0,100円,999,0,0,2,740.0,1,,,3,4,5,14,0.6,2,,400.0,500.0,500.0,300.0,500.0,1.0,60,100.0,ー240円,1,0,1,7,740.0,0,500.0,100.0,0,2,6,8,0.6,2,,0.0,790.0,790.0,474.0,,1.0,60,50.0,50円,999,0,0,4,740.0,1,,,2,4,7,3,0.6,2,,240.0,980.0,980.0,588.0,,1.0,60,240.0,240円,999,1,0,1,740.0,1,,,1,4,8,4,0.6,2,,0.0,70.0,42.0,42.0,42.0,0.6,60,0.0,ー670円,1,0,0,7,740.0,0,350.0,42.0,0,2,9,18,0.6,2,,120.0,860.0,516.0,516.0,,0.6,60,120.0,120円,999,1,0,1,740.0,1,,,1,2,10,17,0.6,2,,0.0,430.0,430.0,258.0,,1.0,60,-310.0,ー310円,1,0,0,3,740.0,1,,,2,4,11,2,0.6,2,,0.0,160.0,160.0,96.0,160.0,1.0,60,0.0,ー580円,1,0,0,1,740.0,0,640.0,160.0,0,2,12,10,0.6,2,,330.0,610.0,610.0,366.0,610.0,1.0,60,280.0,ー130円,1,0,1,1,740.0,0,610.0,280.0,0,2,13,7,0.6,2,,0.0,220.0,132.0,132.0,,0.6,60,-520.0,ー520円,1,0,0,3,740.0,1,,,1,4,14,15,0.6,2,,0.0,30.0,30.0,18.0,,1.0,60,-710.0,ー710円,1,0,0,4,740.0,1,,,1,4,15,5,0.6,2,,0.0,540.0,324.0,324.0,,0.6,60,-200.0,ー200円,1,0,0,1,740.0,1,,,2,4,16,12,0.6,2,,0.0,490.0,294.0,294.0,294.0,0.6,60,0.0,ー250円,1,0,0,1,740.0,0,300.0,294.0,0,2,17,20,0.6,2,,294.0,640.0,384.0,384.0,384.0,0.6,60,90.0,ー100円,1,0,1,3,740.0,0,384.0,90.0,0,2,18,16,0.6,2,,0.0,280.0,280.0,168.0,,1.0,60,-460.0,ー460円,1,0,0,2,740.0,1,,,1,4,19,1,0.6,2,,30.0,770.0,462.0,462.0,,0.6,60,30.0,30円,999,1,0,2,740.0,1,,,2,4,20,13,0.6
7,fleettmx,912,0,162,162,kto,FinalResults,2023-10-13 02:16:39.983714,1,,,918.0,,,cukcduqr,,,,,0,0,kto,1.0,3,1000.0,20,3,7,,0.0,1,1,3,,0.0,160.0,96.0,96.0,96.0,0.6,60,0.0,ー580円,1,0,0,4,740.0,0,336.0,192.0,0,4,1,11,0.6,1,,-130.0,610.0,366.0,366.0,,0.6,60,-130.0,ー130円,999,1,0,4,740.0,1,,,1,2,2,19,0.6,1,,210.0,560.0,560.0,336.0,430.0,1.0,60,350.0,ー180円,1,0,1,4,740.0,0,430.0,350.0,0,2,3,9,0.6,1,,0.0,490.0,490.0,294.0,,1.0,60,-250.0,ー250円,1,0,0,4,740.0,1,,,1,2,4,6,0.6,3,,0.0,320.0,192.0,192.0,,0.6,60,-420.0,ー420円,1,0,0,4,740.0,1,,,2,4,5,14,0.6,1,,0.0,70.0,70.0,42.0,500.0,1.0,60,0.0,ー670円,1,0,0,4,740.0,0,560.0,500.0,0,2,6,8,0.6,3,,240.0,980.0,980.0,588.0,,1.0,60,240.0,240円,999,1,0,3,740.0,1,,,1,4,7,3,0.6,3,,0.0,30.0,30.0,18.0,,1.0,60,-710.0,ー710円,1,0,0,4,740.0,1,,,1,4,8,4,0.6,1,,170.0,910.0,546.0,546.0,,0.6,60,170.0,170円,999,1,0,4,740.0,1,,,1,2,9,18,0.6,1,,0.0,740.0,444.0,444.0,,0.6,60,0.0,ー0円,1,0,0,4,740.0,1,,,1,2,10,17,0.6,3,,0.0,790.0,790.0,474.0,,1.0,60,50.0,50円,999,0,0,1,740.0,1,,,2,4,11,2,0.6,1,,480.0,640.0,640.0,384.0,730.0,1.0,60,160.0,ー100円,1,0,1,4,740.0,0,730.0,160.0,0,2,12,10,0.6,1,,0.0,280.0,280.0,168.0,500.0,1.0,60,0.0,ー460円,1,0,0,4,740.0,0,600.0,500.0,0,2,13,7,0.6,3,,0.0,350.0,210.0,210.0,,0.6,60,-390.0,ー390円,1,0,0,2,740.0,1,,,2,4,14,15,0.6,3,,0.0,100.0,100.0,60.0,,1.0,60,-640.0,ー640円,1,0,0,1,740.0,1,,,1,4,15,5,0.6,3,,30.0,770.0,462.0,462.0,,0.6,60,30.0,30円,999,1,0,1,740.0,1,,,2,4,16,12,0.6,1,,10.0,500.0,300.0,300.0,500.0,0.6,60,290.0,ー240円,1,0,1,4,740.0,0,500.0,290.0,0,2,17,20,0.6,1,,-92.0,480.0,288.0,288.0,488.0,0.6,60,380.0,ー260円,1,0,1,4,740.0,0,488.0,380.0,0,2,18,16,0.6,3,,0.0,430.0,430.0,258.0,,1.0,60,-310.0,ー310円,1,0,0,2,740.0,1,,,1,4,19,1,0.6,3,,0.0,850.0,510.0,510.0,,0.6,60,110.0,110円,999,0,0,3,740.0,1,,,2,4,20,13,0.6
8,txkqe1hm,914,0,162,162,kto,FinalResults,2023-10-13 02:16:40.502044,1,,,1032.0,,,cukcduqr,,,,,0,0,kto,1.0,3,1000.0,20,3,8,,0.0,1,1,4,,144.0,560.0,336.0,336.0,336.0,0.6,60,192.0,ー180円,1,0,1,4,740.0,0,336.0,192.0,0,4,1,11,0.6,2,,0.0,100.0,60.0,60.0,,0.6,60,-640.0,ー640円,1,0,0,4,740.0,1,,,1,2,2,19,0.6,2,,0.0,350.0,350.0,210.0,350.0,1.0,60,0.0,ー390円,1,0,0,2,740.0,0,500.0,350.0,0,2,3,9,0.6,2,,170.0,910.0,910.0,546.0,,1.0,60,170.0,170円,999,1,0,4,740.0,1,,,1,2,4,6,0.6,4,,0.0,240.0,144.0,144.0,,0.6,60,-500.0,ー500円,1,0,0,1,740.0,1,,,1,4,5,14,0.6,2,,0.0,500.0,500.0,300.0,,1.0,60,-240.0,ー240円,1,0,0,8,740.0,1,,,1,2,6,8,0.6,4,,0.0,30.0,30.0,18.0,,1.0,60,-710.0,ー710円,1,0,0,4,740.0,1,,,2,4,7,3,0.6,4,,0.0,280.0,280.0,168.0,,1.0,60,-460.0,ー460円,1,0,0,1,740.0,1,,,1,4,8,4,0.6,2,,0.0,70.0,42.0,42.0,,0.6,60,-670.0,ー670円,1,0,0,2,740.0,1,,,1,2,9,18,0.6,2,,0.0,860.0,516.0,516.0,,0.6,60,120.0,120円,999,0,0,8,740.0,1,,,2,2,10,17,0.6,4,,0.0,980.0,980.0,588.0,,1.0,60,240.0,240円,999,0,0,3,740.0,1,,,2,4,11,2,0.6,2,,0.0,160.0,160.0,96.0,160.0,1.0,60,0.0,ー580円,1,0,0,4,740.0,0,730.0,160.0,0,2,12,10,0.6,2,,460.0,610.0,610.0,366.0,610.0,1.0,60,150.0,ー130円,1,0,1,6,740.0,0,610.0,150.0,0,2,13,7,0.6,4,,0.0,770.0,462.0,462.0,,0.6,60,30.0,30円,999,0,0,2,740.0,1,,,2,4,14,15,0.6,4,,0.0,430.0,430.0,258.0,,1.0,60,-310.0,ー310円,1,0,0,1,740.0,1,,,1,4,15,5,0.6,4,,0.0,840.0,504.0,504.0,,0.6,60,100.0,100円,999,0,0,3,740.0,1,,,2,4,16,12,0.6,2,,94.0,490.0,294.0,294.0,294.0,0.6,60,200.0,ー250円,1,0,1,6,740.0,0,294.0,200.0,0,2,17,20,0.6,2,,114.0,640.0,384.0,384.0,384.0,0.6,60,270.0,ー100円,1,0,1,6,740.0,0,384.0,270.0,0,2,18,16,0.6,4,,50.0,790.0,790.0,474.0,,1.0,60,50.0,50円,999,1,0,2,740.0,1,,,1,4,19,1,0.6,4,,0.0,320.0,192.0,192.0,,0.6,60,-420.0,ー420円,1,0,0,4,740.0,1,,,1,4,20,13,0.6
9,8j6re3d0,907,0,162,162,kto,FinalResults,2023-10-13 02:16:41.745025,1,,,1362.0,,,cukcduqr,,,,,0,0,kto,1.0,3,1000.0,20,3,9,,0.0,1,1,1,,0.0,220.0,132.0,132.0,120.0,0.6,60,0.0,ー520円,1,0,0,3,740.0,0,336.0,192.0,0,4,1,11,0.6,1,,306.0,610.0,366.0,366.0,300.0,0.6,60,60.0,ー130円,1,0,1,5,740.0,0,300.0,60.0,0,2,2,19,0.6,1,,0.0,560.0,560.0,336.0,400.0,1.0,60,0.0,ー180円,1,0,0,5,740.0,0,700.0,400.0,0,2,3,9,0.6,1,,0.0,490.0,490.0,294.0,,1.0,60,-250.0,ー250円,1,0,0,5,740.0,1,,,1,2,4,6,0.6,1,,0.0,770.0,462.0,462.0,,0.6,60,30.0,30円,999,0,0,3,740.0,1,,,2,4,5,14,0.6,1,,0.0,70.0,70.0,42.0,100.0,1.0,60,0.0,ー670円,1,0,0,5,740.0,0,500.0,100.0,0,2,6,8,0.6,1,,0.0,430.0,430.0,258.0,,1.0,60,-310.0,ー310円,1,0,0,3,740.0,1,,,1,4,7,3,0.6,1,,50.0,790.0,790.0,474.0,,1.0,60,50.0,50円,999,1,0,3,740.0,1,,,1,4,8,4,0.6,1,,170.0,910.0,546.0,546.0,,0.6,60,170.0,170円,999,1,0,5,740.0,1,,,1,2,9,18,0.6,1,,0.0,350.0,210.0,210.0,200.0,0.6,60,0.0,ー390円,1,0,0,5,740.0,0,516.0,200.0,0,2,10,17,0.6,1,,0.0,100.0,100.0,60.0,,1.0,60,-640.0,ー640円,1,0,0,3,740.0,1,,,2,4,11,2,0.6,1,,480.0,640.0,640.0,384.0,600.0,1.0,60,160.0,ー100円,1,0,1,5,740.0,0,600.0,160.0,0,2,12,10,0.6,1,,0.0,280.0,280.0,168.0,200.0,1.0,60,0.0,ー460円,1,0,0,5,740.0,0,610.0,200.0,0,2,13,7,0.6,1,,110.0,850.0,510.0,510.0,,0.6,60,110.0,110円,999,1,0,3,740.0,1,,,1,4,14,15,0.6,1,,240.0,980.0,980.0,588.0,,1.0,60,240.0,240円,999,1,0,3,740.0,1,,,1,4,15,5,0.6,1,,0.0,320.0,192.0,192.0,,0.6,60,-420.0,ー420円,1,0,0,3,740.0,1,,,2,4,16,12,0.6,1,,6.0,500.0,300.0,300.0,300.0,0.6,60,294.0,ー240円,1,0,1,5,740.0,0,300.0,294.0,0,2,17,20,0.6,1,,0.0,160.0,96.0,96.0,90.0,0.6,60,0.0,ー580円,1,0,0,5,740.0,0,384.0,90.0,0,2,18,16,0.6,1,,0.0,30.0,30.0,18.0,,1.0,60,-710.0,ー710円,1,0,0,3,740.0,1,,,1,4,19,1,0.6,1,,0.0,540.0,324.0,324.0,,0.6,60,-200.0,ー200円,1,0,0,3,740.0,1,,,2,4,20,13,0.6
10,dmjsvlxe,913,0,162,162,kto,FinalResults,2023-10-13 02:16:41.320150,1,,,1483.0,,,cukcduqr,,,,,0,0,kto,1.0,3,1000.0,20,3,10,,0.0,1,1,2,,0.0,320.0,192.0,192.0,,0.6,60,-420.0,ー420円,1,0,0,1,740.0,1,,,1,4,1,11,0.6,2,,0.0,100.0,60.0,60.0,60.0,0.6,60,0.0,ー640円,1,0,0,7,740.0,0,350.0,60.0,0,2,2,19,0.6,2,,0.0,350.0,350.0,210.0,350.0,1.0,60,0.0,ー390円,1,0,0,1,740.0,0,560.0,350.0,0,2,3,9,0.6,2,,170.0,910.0,910.0,546.0,,1.0,60,170.0,170円,999,1,0,5,740.0,1,,,1,2,4,6,0.6,2,,100.0,840.0,504.0,504.0,,0.6,60,100.0,100円,999,1,0,3,740.0,1,,,2,4,5,14,0.6,2,,435.0,500.0,500.0,300.0,500.0,1.0,60,65.0,ー240円,1,0,1,3,740.0,0,500.0,65.0,0,2,6,8,0.6,2,,0.0,790.0,790.0,474.0,,1.0,60,50.0,50円,1,0,0,2,740.0,1,,,1,4,7,3,0.6,2,,0.0,980.0,980.0,588.0,,1.0,60,240.0,240円,1,0,0,3,740.0,1,,,1,4,8,4,0.6,2,,0.0,70.0,42.0,42.0,,0.6,60,-670.0,ー670円,1,0,0,1,740.0,1,,,1,2,9,18,0.6,2,,120.0,860.0,516.0,516.0,,0.6,60,120.0,120円,999,1,0,3,740.0,1,,,1,2,10,17,0.6,2,,0.0,430.0,430.0,258.0,,1.0,60,-310.0,ー310円,1,0,0,4,740.0,1,,,2,4,11,2,0.6,2,,0.0,160.0,160.0,96.0,160.0,1.0,60,0.0,ー580円,1,0,0,7,740.0,0,400.0,160.0,0,2,12,10,0.6,2,,330.0,610.0,610.0,366.0,610.0,1.0,60,280.0,ー130円,1,0,1,7,740.0,0,610.0,280.0,0,2,13,7,0.6,2,,0.0,220.0,132.0,132.0,,0.6,60,-520.0,ー520円,1,0,0,4,740.0,1,,,2,4,14,15,0.6,2,,0.0,30.0,30.0,18.0,,1.0,60,-710.0,ー710円,1,0,0,1,740.0,1,,,1,4,15,5,0.6,2,,0.0,540.0,324.0,324.0,,0.6,60,-200.0,ー200円,1,0,0,2,740.0,1,,,2,4,16,12,0.6,2,,4.0,490.0,294.0,294.0,294.0,0.6,60,290.0,ー250円,1,0,1,3,740.0,0,294.0,290.0,0,2,17,20,0.6,2,,294.0,640.0,384.0,384.0,384.0,0.6,60,90.0,ー100円,1,0,1,5,740.0,0,384.0,90.0,0,2,18,16,0.6,2,,0.0,280.0,280.0,168.0,,1.0,60,-460.0,ー460円,1,0,0,3,740.0,1,,,1,4,19,1,0.6,2,,30.0,770.0,462.0,462.0,,0.6,60,30.0,30円,999,1,0,3,740.0,1,,,2,4,20,13,0.6
11,kr9w14pt,903,0,162,162,kto,FinalResults,2023-10-13 02:16:41.584547,1,,,1126.0,,,cukcduqr,,,,,0,0,kto,1.0,3,1000.0,20,3,11,,0.0,1,1,3,,0.0,160.0,96.0,96.0,70.0,0.6,60,0.0,ー580円,1,0,0,2,740.0,0,536.0,190.0,0,4,1,11,0.6,1,,306.0,610.0,366.0,366.0,600.0,0.6,60,60.0,ー130円,1,0,1,6,740.0,0,600.0,60.0,0,2,2,19,0.6,1,,160.0,560.0,560.0,336.0,700.0,1.0,60,400.0,ー180円,1,0,1,6,740.0,0,700.0,400.0,0,2,3,9,0.6,1,,0.0,490.0,490.0,294.0,,1.0,60,-250.0,ー250円,1,0,0,6,740.0,1,,,1,2,4,6,0.6,3,,-420.0,320.0,192.0,192.0,,0.6,60,-420.0,ー420円,999,1,0,2,740.0,1,,,3,4,5,14,0.6,1,,0.0,70.0,70.0,42.0,300.0,1.0,60,0.0,ー670円,1,0,0,6,740.0,0,400.0,300.0,0,2,6,8,0.6,3,,240.0,980.0,980.0,588.0,,1.0,60,240.0,240円,999,1,0,1,740.0,1,,,1,4,7,3,0.6,3,,0.0,30.0,30.0,18.0,,1.0,60,-710.0,ー710円,1,0,0,2,740.0,1,,,2,4,8,4,0.6,1,,170.0,910.0,546.0,546.0,,0.6,60,170.0,170円,999,1,0,6,740.0,1,,,1,2,9,18,0.6,1,,0.0,740.0,444.0,444.0,,0.6,60,0.0,ー0円,1,0,0,6,740.0,1,,,1,2,10,17,0.6,3,,50.0,790.0,790.0,474.0,,1.0,60,50.0,50円,999,1,0,3,740.0,1,,,2,4,11,2,0.6,1,,480.0,640.0,640.0,384.0,400.0,1.0,60,160.0,ー100円,1,0,1,6,740.0,0,400.0,160.0,0,2,12,10,0.6,1,,0.0,280.0,280.0,168.0,150.0,1.0,60,0.0,ー460円,1,0,0,6,740.0,0,610.0,150.0,0,2,13,7,0.6,3,,0.0,350.0,210.0,210.0,,0.6,60,-390.0,ー390円,1,0,0,3,740.0,1,,,1,4,14,15,0.6,3,,0.0,100.0,100.0,60.0,,1.0,60,-640.0,ー640円,1,0,0,2,740.0,1,,,1,4,15,5,0.6,3,,30.0,770.0,462.0,462.0,,0.6,60,30.0,30円,999,1,0,3,740.0,1,,,2,4,16,12,0.6,1,,0.0,500.0,300.0,300.0,200.0,0.6,60,0.0,ー240円,1,0,0,6,740.0,0,294.0,200.0,0,2,17,20,0.6,1,,0.0,480.0,288.0,288.0,270.0,0.6,60,0.0,ー260円,1,0,0,6,740.0,0,384.0,270.0,0,2,18,16,0.6,3,,0.0,430.0,430.0,258.0,,1.0,60,-310.0,ー310円,1,0,0,3,740.0,1,,,1,4,19,1,0.6,3,,110.0,850.0,510.0,510.0,,0.6,60,110.0,110円,999,1,0,4,740.0,1,,,1,4,20,13,0.6
12,fz3kx32o,915,0,162,162,kto,FinalResults,2023-10-13 02:16:42.129376,1,,,1973.0,,,cukcduqr,,,,,0,0,kto,1.0,3,1000.0,20,3,12,,0.0,1,1,4,,144.0,560.0,336.0,336.0,336.0,0.6,60,192.0,ー180円,1,0,1,3,740.0,0,336.0,192.0,0,4,1,11,0.6,2,,0.0,100.0,60.0,60.0,60.0,0.6,60,0.0,ー640円,1,0,0,6,740.0,0,600.0,60.0,0,2,2,19,0.6,2,,0.0,350.0,350.0,210.0,350.0,1.0,60,0.0,ー390円,1,0,0,4,740.0,0,430.0,350.0,0,2,3,9,0.6,2,,170.0,910.0,910.0,546.0,,1.0,60,170.0,170円,999,1,0,6,740.0,1,,,1,2,4,6,0.6,4,,0.0,240.0,144.0,144.0,,0.6,60,-500.0,ー500円,1,0,0,2,740.0,1,,,3,4,5,14,0.6,2,,431.0,500.0,500.0,300.0,600.0,1.0,60,69.0,ー240円,1,0,1,2,740.0,0,600.0,69.0,0,2,6,8,0.6,4,,0.0,30.0,30.0,18.0,,1.0,60,-710.0,ー710円,1,0,0,2,740.0,1,,,1,4,7,3,0.6,4,,0.0,280.0,280.0,168.0,,1.0,60,-460.0,ー460円,1,0,0,2,740.0,1,,,2,4,8,4,0.6,2,,0.0,70.0,42.0,42.0,,0.6,60,-670.0,ー670円,1,0,0,4,740.0,1,,,1,2,9,18,0.6,2,,120.0,860.0,516.0,516.0,,0.6,60,120.0,120円,999,1,0,2,740.0,1,,,1,2,10,17,0.6,4,,240.0,980.0,980.0,588.0,,1.0,60,240.0,240円,999,1,0,1,740.0,1,,,2,4,11,2,0.6,2,,0.0,160.0,160.0,96.0,160.0,1.0,60,0.0,ー580円,1,0,0,6,740.0,0,400.0,160.0,0,2,12,10,0.6,2,,470.0,610.0,610.0,366.0,610.0,1.0,60,140.0,ー130円,1,0,1,8,740.0,0,610.0,140.0,0,2,13,7,0.6,4,,30.0,770.0,462.0,462.0,,0.6,60,30.0,30円,999,1,0,1,740.0,1,,,2,4,14,15,0.6,4,,0.0,430.0,430.0,258.0,,1.0,60,-310.0,ー310円,1,0,0,4,740.0,1,,,1,4,15,5,0.6,4,,0.0,840.0,504.0,504.0,,0.6,60,100.0,100円,999,0,0,4,740.0,1,,,2,4,16,12,0.6,2,,134.0,490.0,294.0,294.0,294.0,0.6,60,160.0,ー250円,1,0,1,8,740.0,0,294.0,160.0,0,2,17,20,0.6,2,,184.0,640.0,384.0,384.0,384.0,0.6,60,200.0,ー100円,1,0,1,8,740.0,0,384.0,200.0,0,2,18,16,0.6,4,,50.0,790.0,790.0,474.0,,1.0,60,50.0,50円,999,1,0,3,740.0,1,,,1,4,19,1,0.6,4,,0.0,320.0,192.0,192.0,,0.6,60,-420.0,ー420円,1,0,0,1,740.0,1,,,1,4,20,13,0.6
13,3kunn14k,917,0,162,162,kto,FinalResults,2023-10-13 02:16:43.158145,1,,,1364.0,,,cukcduqr,,,,,0,0,kto,1.0,3,1000.0,20,3,13,,0.0,1,1,1,,0.0,220.0,132.0,132.0,100.0,0.6,60,0.0,ー520円,1,0,0,4,740.0,0,336.0,192.0,0,4,1,11,0.6,1,,306.0,610.0,366.0,366.0,350.0,0.6,60,60.0,ー130円,1,0,1,7,740.0,0,350.0,60.0,0,2,2,19,0.6,1,,0.0,560.0,560.0,336.0,300.0,1.0,60,0.0,ー180円,1,0,0,7,740.0,0,350.0,300.0,0,2,3,9,0.6,1,,0.0,490.0,490.0,294.0,,1.0,60,-250.0,ー250円,1,0,0,7,740.0,1,,,1,2,4,6,0.6,1,,30.0,770.0,462.0,462.0,,0.6,60,30.0,30円,999,1,0,4,740.0,1,,,2,4,5,14,0.6,1,,0.0,70.0,70.0,42.0,100.0,1.0,60,0.0,ー670円,1,0,0,7,740.0,0,500.0,100.0,0,2,6,8,0.6,1,,0.0,430.0,430.0,258.0,,1.0,60,-310.0,ー310円,1,0,0,4,740.0,1,,,2,4,7,3,0.6,1,,0.0,790.0,790.0,474.0,,1.0,60,50.0,50円,1,0,0,4,740.0,1,,,1,4,8,4,0.6,1,,504.0,910.0,546.0,546.0,350.0,0.6,60,42.0,170円,1,0,1,7,740.0,0,350.0,42.0,0,2,9,18,0.6,1,,-306.0,350.0,210.0,210.0,1000.0,0.6,60,516.0,ー390円,1,0,1,7,740.0,0,1000.0,516.0,0,2,10,17,0.6,1,,0.0,100.0,100.0,60.0,,1.0,60,-640.0,ー640円,1,0,0,4,740.0,1,,,2,4,11,2,0.6,1,,480.0,640.0,640.0,384.0,400.0,1.0,60,160.0,ー100円,1,0,1,7,740.0,0,400.0,160.0,0,2,12,10,0.6,1,,0.0,280.0,280.0,168.0,280.0,1.0,60,0.0,ー460円,1,0,0,7,740.0,0,610.0,280.0,0,2,13,7,0.6,1,,110.0,850.0,510.0,510.0,,0.6,60,110.0,110円,999,1,0,4,740.0,1,,,2,4,14,15,0.6,1,,240.0,980.0,980.0,588.0,,1.0,60,240.0,240円,999,1,0,4,740.0,1,,,1,4,15,5,0.6,1,,0.0,320.0,192.0,192.0,,0.6,60,-420.0,ー420円,1,0,0,4,740.0,1,,,2,4,16,12,0.6,1,,0.0,500.0,300.0,300.0,250.0,0.6,60,0.0,ー240円,1,0,0,7,740.0,0,294.0,250.0,0,2,17,20,0.6,1,,0.0,160.0,96.0,96.0,95.0,0.6,60,0.0,ー580円,1,0,0,7,740.0,0,384.0,95.0,0,2,18,16,0.6,1,,0.0,30.0,30.0,18.0,,1.0,60,-710.0,ー710円,1,0,0,4,740.0,1,,,1,4,19,1,0.6,1,,0.0,540.0,324.0,324.0,,0.6,60,-200.0,ー200円,1,0,0,4,740.0,1,,,1,4,20,13,0.6
14,w3l6we9d,906,0,162,162,kto,FinalResults,2023-10-13 02:16:45.689474,1,,,1659.0,,,cukcduqr,,,,,0,0,kto,1.0,3,1000.0,20,3,14,,0.0,1,1,2,,0.0,320.0,192.0,192.0,190.0,0.6,60,0.0,ー420円,1,0,0,2,740.0,0,536.0,190.0,0,4,1,11,0.6,2,,0.0,100.0,60.0,60.0,60.0,0.6,60,0.0,ー640円,1,0,0,1,740.0,0,366.0,60.0,0,2,2,19,0.6,2,,0.0,350.0,350.0,210.0,350.0,1.0,60,0.0,ー390円,1,0,0,3,740.0,0,540.0,350.0,0,2,3,9,0.6,2,,170.0,910.0,910.0,546.0,,1.0,60,170.0,170円,999,1,0,7,740.0,1,,,1,2,4,6,0.6,2,,0.0,840.0,504.0,504.0,,0.6,60,100.0,100円,999,0,0,4,740.0,1,,,2,4,5,14,0.6,2,,430.0,500.0,500.0,300.0,500.0,1.0,60,70.0,ー240円,1,0,1,1,740.0,0,500.0,70.0,0,2,6,8,0.6,2,,0.0,790.0,790.0,474.0,,1.0,60,50.0,50円,1,0,0,1,740.0,1,,,1,4,7,3,0.6,2,,0.0,980.0,980.0,588.0,,1.0,60,240.0,240円,999,0,0,2,740.0,1,,,2,4,8,4,0.6,2,,0.0,70.0,42.0,42.0,,0.6,60,-670.0,ー670円,1,0,0,3,740.0,1,,,1,2,9,18,0.6,2,,316.0,860.0,516.0,516.0,516.0,0.6,60,200.0,120円,1,0,1,5,740.0,0,516.0,200.0,0,2,10,17,0.6,2,,0.0,430.0,430.0,258.0,,1.0,60,-310.0,ー310円,1,0,0,1,740.0,1,,,2,4,11,2,0.6,2,,0.0,160.0,160.0,96.0,160.0,1.0,60,0.0,ー580円,1,0,0,5,740.0,0,600.0,160.0,0,2,12,10,0.6,2,,410.0,610.0,610.0,366.0,610.0,1.0,60,200.0,ー130円,1,0,1,5,740.0,0,610.0,200.0,0,2,13,7,0.6,2,,0.0,220.0,132.0,132.0,,0.6,60,-520.0,ー520円,1,0,0,1,740.0,1,,,2,4,14,15,0.6,2,,0.0,30.0,30.0,18.0,,1.0,60,-710.0,ー710円,1,0,0,3,740.0,1,,,1,4,15,5,0.6,2,,0.0,540.0,324.0,324.0,,0.6,60,-200.0,ー200円,1,0,0,3,740.0,1,,,2,4,16,12,0.6,2,,44.0,490.0,294.0,294.0,294.0,0.6,60,250.0,ー250円,1,0,1,7,740.0,0,294.0,250.0,0,2,17,20,0.6,2,,289.0,640.0,384.0,384.0,384.0,0.6,60,95.0,ー100円,1,0,1,7,740.0,0,384.0,95.0,0,2,18,16,0.6,2,,0.0,280.0,280.0,168.0,,1.0,60,-460.0,ー460円,1,0,0,4,740.0,1,,,1,4,19,1,0.6,2,,0.0,770.0,462.0,462.0,,0.6,60,30.0,30円,1,0,0,4,740.0,1,,,1,4,20,13,0.6
15,jm18bncz,909,0,162,162,kto,FinalResults,2023-10-13 02:16:47.389733,1,,,135.0,,,cukcduqr,,,,,0,0,kto,1.0,3,1000.0,20,3,15,,0.0,1,1,3,,-580.0,160.0,96.0,96.0,,0.6,60,-580.0,ー580円,999,1,0,1,740.0,1,,,1,4,1,11,0.6,1,,305.0,610.0,366.0,366.0,100.0,0.6,60,61.0,ー130円,1,0,1,8,740.0,0,100.0,61.0,0,2,2,19,0.6,1,,0.0,560.0,560.0,336.0,250.0,1.0,60,0.0,ー180円,1,0,0,8,740.0,0,300.0,250.0,0,2,3,9,0.6,1,,0.0,490.0,490.0,294.0,,1.0,60,-250.0,ー250円,1,0,0,8,740.0,1,,,1,2,4,6,0.6,3,,0.0,320.0,192.0,192.0,,0.6,60,-420.0,ー420円,1,0,0,1,740.0,1,,,1,4,5,14,0.6,1,,-670.0,70.0,70.0,42.0,,1.0,60,-670.0,ー670円,999,1,0,8,740.0,1,,,1,2,6,8,0.6,3,,240.0,980.0,980.0,588.0,,1.0,60,240.0,240円,999,1,0,4,740.0,1,,,2,4,7,3,0.6,3,,0.0,30.0,30.0,18.0,,1.0,60,-710.0,ー710円,1,0,0,3,740.0,1,,,1,4,8,4,0.6,1,,170.0,910.0,546.0,546.0,,0.6,60,170.0,170円,999,1,0,8,740.0,1,,,1,2,9,18,0.6,1,,0.0,740.0,444.0,444.0,,0.6,60,0.0,ー0円,999,1,0,8,740.0,1,,,2,2,10,17,0.6,3,,50.0,790.0,790.0,474.0,,1.0,60,50.0,50円,999,1,0,2,740.0,1,,,2,4,11,2,0.6,1,,480.0,640.0,640.0,384.0,320.0,1.0,60,160.0,ー100円,1,0,1,8,740.0,0,320.0,160.0,0,2,12,10,0.6,1,,0.0,280.0,280.0,168.0,140.0,1.0,60,0.0,ー460円,1,0,0,8,740.0,0,610.0,140.0,0,2,13,7,0.6,3,,0.0,350.0,210.0,210.0,,0.6,60,-390.0,ー390円,1,0,0,1,740.0,1,,,2,4,14,15,0.6,3,,0.0,100.0,100.0,60.0,,1.0,60,-640.0,ー640円,1,0,0,4,740.0,1,,,1,4,15,5,0.6,3,,30.0,770.0,462.0,462.0,,0.6,60,30.0,30円,999,1,0,4,740.0,1,,,2,4,16,12,0.6,1,,0.0,500.0,300.0,300.0,160.0,0.6,60,0.0,ー240円,1,0,0,8,740.0,0,294.0,160.0,0,2,17,20,0.6,1,,0.0,480.0,288.0,288.0,200.0,0.6,60,0.0,ー260円,1,0,0,8,740.0,0,384.0,200.0,0,2,18,16,0.6,3,,0.0,430.0,430.0,258.0,,1.0,60,-310.0,ー310円,1,0,0,4,740.0,1,,,1,4,19,1,0.6,3,,110.0,850.0,510.0,510.0,,0.6,60,110.0,110円,999,1,0,1,740.0,1,,,1,4,20,13,0.6
16,wewbuu8j,905,0,162,162,kto,FinalResults,2023-10-13 02:17:19.009728,1,,,914.0,,,cukcduqr,,,,,0,0,kto,1.0,3,1000.0,20,3,16,,0.0,1,1,4,,146.0,560.0,336.0,336.0,536.0,0.6,60,190.0,ー180円,1,0,1,2,740.0,0,536.0,190.0,0,4,1,11,0.6,2,,0.0,100.0,60.0,60.0,61.0,0.6,60,0.0,ー640円,1,0,0,8,740.0,0,100.0,61.0,0,2,2,19,0.6,2,,0.0,350.0,350.0,210.0,400.0,1.0,60,0.0,ー390円,1,0,0,6,740.0,0,700.0,400.0,0,2,3,9,0.6,2,,170.0,910.0,910.0,546.0,,1.0,60,170.0,170円,999,1,0,8,740.0,1,,,1,2,4,6,0.6,4,,0.0,240.0,144.0,144.0,,0.6,60,-500.0,ー500円,1,0,0,3,740.0,1,,,2,4,5,14,0.6,2,,0.0,500.0,500.0,300.0,560.0,1.0,60,500.0,ー240円,1,0,1,4,740.0,0,560.0,500.0,0,2,6,8,0.6,4,,0.0,30.0,30.0,18.0,,1.0,60,-710.0,ー710円,1,0,0,1,740.0,1,,,1,4,7,3,0.6,4,,0.0,280.0,280.0,168.0,,1.0,60,-460.0,ー460円,1,0,0,3,740.0,1,,,1,4,8,4,0.6,2,,0.0,70.0,42.0,42.0,,0.6,60,-670.0,ー670円,1,0,0,6,740.0,1,,,1,2,9,18,0.6,2,,120.0,860.0,516.0,516.0,,0.6,60,120.0,120円,999,1,0,4,740.0,1,,,1,2,10,17,0.6,4,,0.0,980.0,980.0,588.0,,1.0,60,240.0,240円,999,0,0,4,740.0,1,,,2,4,11,2,0.6,2,,0.0,160.0,160.0,96.0,160.0,1.0,60,0.0,ー580円,1,0,0,8,740.0,0,320.0,160.0,0,2,12,10,0.6,2,,331.0,610.0,610.0,366.0,650.0,1.0,60,279.0,ー130円,1,0,1,2,740.0,0,650.0,279.0,0,2,13,7,0.6,4,,0.0,770.0,462.0,462.0,,0.6,60,30.0,30円,1,0,0,3,740.0,1,,,1,4,14,15,0.6,4,,0.0,430.0,430.0,258.0,,1.0,60,-310.0,ー310円,1,0,0,2,740.0,1,,,1,4,15,5,0.6,4,,0.0,840.0,504.0,504.0,,0.6,60,100.0,100円,999,0,0,1,740.0,1,,,2,4,16,12,0.6,2,,0.0,490.0,294.0,294.0,295.0,0.6,60,0.0,ー250円,1,0,0,2,740.0,0,299.0,295.0,0,2,17,20,0.6,2,,97.0,640.0,384.0,384.0,385.0,0.6,60,287.0,ー100円,1,0,1,2,740.0,0,385.0,287.0,0,2,18,16,0.6,4,,50.0,790.0,790.0,474.0,,1.0,60,50.0,50円,999,1,0,4,740.0,1,,,1,4,19,1,0.6,4,,0.0,320.0,192.0,192.0,,0.6,60,-420.0,ー420円,1,0,0,2,740.0,1,,,2,4,20,13,0.6
