participant.id_in_session,participant.code,participant.label,participant._is_bot,participant._index_in_pages,participant._max_page_index,participant._current_app_name,participant._current_page_name,participant.time_started_utc,participant.visited,participant.mturk_worker_id,participant.mturk_assignment_id,participant.payoff,participant.age,participant.expiry,session.code,session.label,session.mturk_HITId,session.mturk_HITGroupId,session.comment,session.is_demo,session.config.name,session.config.real_world_currency_per_point,session.config.participation_fee,session.config.treatment,session.config.use_browser_bots,session.config.num_rounds,TucchisAuction.1.player.id_in_group,TucchisAuction.1.player.role,TucchisAuction.1.player.payoff,TucchisAuction.1.group.id_in_subsession,TucchisAuction.1.subsession.round_number,kto.1.player.id_in_group,kto.1.player.role,kto.1.player.payoff,kto.1.player.private_value,kto.1.player.discounted_private_value,kto.1.player.bid_amount,kto.1.player.time_discount_rate,kto.1.player.time_discount_percentage,kto.1.player.pay_amount,kto.1.player.is_buyout,kto.1.player.is_winning_buyer,kto.1.player.is_winning_bidder,kto.1.group.id_in_subsession,kto.1.group.buyout_price,kto.1.group.is_sold,kto.1.group.highest_bid,kto.1.group.payment_price,kto.1.group.num_buyout_in_group,kto.1.group.num_of_group,kto.1.subsession.round_number,kto.1.subsession.treatment_id,kto.1.subsession.delta,kto.2.player.id_in_group,kto.2.player.role,kto.2.player.payoff,kto.2.player.private_value,kto.2.player.discounted_private_value,kto.2.player.bid_amount,kto.2.player.time_discount_rate,kto.2.player.time_discount_percentage,kto.2.player.pay_amount,kto.2.player.is_buyout,kto.2.player.is_winning_buyer,kto.2.player.is_winning_bidder,kto.2.group.id_in_subsession,kto.2.group.buyout_price,kto.2.group.is_sold,kto.2.group.highest_bid,kto.2.group.payment_price,kto.2.group.num_buyout_in_group,kto.2.group.num_of_group,kto.2.subsession.round_number,kto.2.subsession.treatment_id,kto.2.subsession.delta,kto.3.player.id_in_group,kto.3.player.role,kto.3.player.payoff,kto.3.player.private_value,kto.3.player.discounted_private_value,kto.3.player.bid_amount,kto.3.player.time_discount_rate,kto.3.player.time_discount_percentage,kto.3.player.pay_amount,kto.3.player.is_buyout,kto.3.player.is_winning_buyer,kto.3.player.is_winning_bidder,kto.3.group.id_in_subsession,kto.3.group.buyout_price,kto.3.group.is_sold,kto.3.group.highest_bid,kto.3.group.payment_price,kto.3.group.num_buyout_in_group,kto.3.group.num_of_group,kto.3.subsession.round_number,kto.3.subsession.treatment_id,kto.3.subsession.delta,kto.4.player.id_in_group,kto.4.player.role,kto.4.player.payoff,kto.4.player.private_value,kto.4.player.discounted_private_value,kto.4.player.bid_amount,kto.4.player.time_discount_rate,kto.4.player.time_discount_percentage,kto.4.player.pay_amount,kto.4.player.is_buyout,kto.4.player.is_winning_buyer,kto.4.player.is_winning_bidder,kto.4.group.id_in_subsession,kto.4.group.buyout_price,kto.4.group.is_sold,kto.4.group.highest_bid,kto.4.group.payment_price,kto.4.group.num_buyout_in_group,kto.4.group.num_of_group,kto.4.subsession.round_number,kto.4.subsession.treatment_id,kto.4.subsession.delta,kto.5.player.id_in_group,kto.5.player.role,kto.5.player.payoff,kto.5.player.private_value,kto.5.player.discounted_private_value,kto.5.player.bid_amount,kto.5.player.time_discount_rate,kto.5.player.time_discount_percentage,kto.5.player.pay_amount,kto.5.player.is_buyout,kto.5.player.is_winning_buyer,kto.5.player.is_winning_bidder,kto.5.group.id_in_subsession,kto.5.group.buyout_price,kto.5.group.is_sold,kto.5.group.highest_bid,kto.5.group.payment_price,kto.5.group.num_buyout_in_group,kto.5.group.num_of_group,kto.5.subsession.round_number,kto.5.subsession.treatment_id,kto.5.subsession.delta,kto.6.player.id_in_group,kto.6.player.role,kto.6.player.payoff,kto.6.player.private_value,kto.6.player.discounted_private_value,kto.6.player.bid_amount,kto.6.player.time_discount_rate,kto.6.player.time_discount_percentage,kto.6.player.pay_amount,kto.6.player.is_buyout,kto.6.player.is_winning_buyer,kto.6.player.is_winning_bidder,kto.6.group.id_in_subsession,kto.6.group.buyout_price,kto.6.group.is_sold,kto.6.group.highest_bid,kto.6.group.payment_price,kto.6.group.num_buyout_in_group,kto.6.group.num_of_group,kto.6.subsession.round_number,kto.6.subsession.treatment_id,kto.6.subsession.delta,kto.7.player.id_in_group,kto.7.player.role,kto.7.player.payoff,kto.7.player.private_value,kto.7.player.discounted_private_value,kto.7.player.bid_amount,kto.7.player.time_discount_rate,kto.7.player.time_discount_percentage,kto.7.player.pay_amount,kto.7.player.is_buyout,kto.7.player.is_winning_buyer,kto.7.player.is_winning_bidder,kto.7.group.id_in_subsession,kto.7.group.buyout_price,kto.7.group.is_sold,kto.7.group.highest_bid,kto.7.group.payment_price,kto.7.group.num_buyout_in_group,kto.7.group.num_of_group,kto.7.subsession.round_number,kto.7.subsession.treatment_id,kto.7.subsession.delta,kto.8.player.id_in_group,kto.8.player.role,kto.8.player.payoff,kto.8.player.private_value,kto.8.player.discounted_private_value,kto.8.player.bid_amount,kto.8.player.time_discount_rate,kto.8.player.time_discount_percentage,kto.8.player.pay_amount,kto.8.player.is_buyout,kto.8.player.is_winning_buyer,kto.8.player.is_winning_bidder,kto.8.group.id_in_subsession,kto.8.group.buyout_price,kto.8.group.is_sold,kto.8.group.highest_bid,kto.8.group.payment_price,kto.8.group.num_buyout_in_group,kto.8.group.num_of_group,kto.8.subsession.round_number,kto.8.subsession.treatment_id,kto.8.subsession.delta,kto.9.player.id_in_group,kto.9.player.role,kto.9.player.payoff,kto.9.player.private_value,kto.9.player.discounted_private_value,kto.9.player.bid_amount,kto.9.player.time_discount_rate,kto.9.player.time_discount_percentage,kto.9.player.pay_amount,kto.9.player.is_buyout,kto.9.player.is_winning_buyer,kto.9.player.is_winning_bidder,kto.9.group.id_in_subsession,kto.9.group.buyout_price,kto.9.group.is_sold,kto.9.group.highest_bid,kto.9.group.payment_price,kto.9.group.num_buyout_in_group,kto.9.group.num_of_group,kto.9.subsession.round_number,kto.9.subsession.treatment_id,kto.9.subsession.delta,kto.10.player.id_in_group,kto.10.player.role,kto.10.player.payoff,kto.10.player.private_value,kto.10.player.discounted_private_value,kto.10.player.bid_amount,kto.10.player.time_discount_rate,kto.10.player.time_discount_percentage,kto.10.player.pay_amount,kto.10.player.is_buyout,kto.10.player.is_winning_buyer,kto.10.player.is_winning_bidder,kto.10.group.id_in_subsession,kto.10.group.buyout_price,kto.10.group.is_sold,kto.10.group.highest_bid,kto.10.group.payment_price,kto.10.group.num_buyout_in_group,kto.10.group.num_of_group,kto.10.subsession.round_number,kto.10.subsession.treatment_id,kto.10.subsession.delta,kto.11.player.id_in_group,kto.11.player.role,kto.11.player.payoff,kto.11.player.private_value,kto.11.player.discounted_private_value,kto.11.player.bid_amount,kto.11.player.time_discount_rate,kto.11.player.time_discount_percentage,kto.11.player.pay_amount,kto.11.player.is_buyout,kto.11.player.is_winning_buyer,kto.11.player.is_winning_bidder,kto.11.group.id_in_subsession,kto.11.group.buyout_price,kto.11.group.is_sold,kto.11.group.highest_bid,kto.11.group.payment_price,kto.11.group.num_buyout_in_group,kto.11.group.num_of_group,kto.11.subsession.round_number,kto.11.subsession.treatment_id,kto.11.subsession.delta,kto.12.player.id_in_group,kto.12.player.role,kto.12.player.payoff,kto.12.player.private_value,kto.12.player.discounted_private_value,kto.12.player.bid_amount,kto.12.player.time_discount_rate,kto.12.player.time_discount_percentage,kto.12.player.pay_amount,kto.12.player.is_buyout,kto.12.player.is_winning_buyer,kto.12.player.is_winning_bidder,kto.12.group.id_in_subsession,kto.12.group.buyout_price,kto.12.group.is_sold,kto.12.group.highest_bid,kto.12.group.payment_price,kto.12.group.num_buyout_in_group,kto.12.group.num_of_group,kto.12.subsession.round_number,kto.12.subsession.treatment_id,kto.12.subsession.delta,kto.13.player.id_in_group,kto.13.player.role,kto.13.player.payoff,kto.13.player.private_value,kto.13.player.discounted_private_value,kto.13.player.bid_amount,kto.13.player.time_discount_rate,kto.13.player.time_discount_percentage,kto.13.player.pay_amount,kto.13.player.is_buyout,kto.13.player.is_winning_buyer,kto.13.player.is_winning_bidder,kto.13.group.id_in_subsession,kto.13.group.buyout_price,kto.13.group.is_sold,kto.13.group.highest_bid,kto.13.group.payment_price,kto.13.group.num_buyout_in_group,kto.13.group.num_of_group,kto.13.subsession.round_number,kto.13.subsession.treatment_id,kto.13.subsession.delta,kto.14.player.id_in_group,kto.14.player.role,kto.14.player.payoff,kto.14.player.private_value,kto.14.player.discounted_private_value,kto.14.player.bid_amount,kto.14.player.time_discount_rate,kto.14.player.time_discount_percentage,kto.14.player.pay_amount,kto.14.player.is_buyout,kto.14.player.is_winning_buyer,kto.14.player.is_winning_bidder,kto.14.group.id_in_subsession,kto.14.group.buyout_price,kto.14.group.is_sold,kto.14.group.highest_bid,kto.14.group.payment_price,kto.14.group.num_buyout_in_group,kto.14.group.num_of_group,kto.14.subsession.round_number,kto.14.subsession.treatment_id,kto.14.subsession.delta,kto.15.player.id_in_group,kto.15.player.role,kto.15.player.payoff,kto.15.player.private_value,kto.15.player.discounted_private_value,kto.15.player.bid_amount,kto.15.player.time_discount_rate,kto.15.player.time_discount_percentage,kto.15.player.pay_amount,kto.15.player.is_buyout,kto.15.player.is_winning_buyer,kto.15.player.is_winning_bidder,kto.15.group.id_in_subsession,kto.15.group.buyout_price,kto.15.group.is_sold,kto.15.group.highest_bid,kto.15.group.payment_price,kto.15.group.num_buyout_in_group,kto.15.group.num_of_group,kto.15.subsession.round_number,kto.15.subsession.treatment_id,kto.15.subsession.delta,kto.16.player.id_in_group,kto.16.player.role,kto.16.player.payoff,kto.16.player.private_value,kto.16.player.discounted_private_value,kto.16.player.bid_amount,kto.16.player.time_discount_rate,kto.16.player.time_discount_percentage,kto.16.player.pay_amount,kto.16.player.is_buyout,kto.16.player.is_winning_buyer,kto.16.player.is_winning_bidder,kto.16.group.id_in_subsession,kto.16.group.buyout_price,kto.16.group.is_sold,kto.16.group.highest_bid,kto.16.group.payment_price,kto.16.group.num_buyout_in_group,kto.16.group.num_of_group,kto.16.subsession.round_number,kto.16.subsession.treatment_id,kto.16.subsession.delta,kto.17.player.id_in_group,kto.17.player.role,kto.17.player.payoff,kto.17.player.private_value,kto.17.player.discounted_private_value,kto.17.player.bid_amount,kto.17.player.time_discount_rate,kto.17.player.time_discount_percentage,kto.17.player.pay_amount,kto.17.player.is_buyout,kto.17.player.is_winning_buyer,kto.17.player.is_winning_bidder,kto.17.group.id_in_subsession,kto.17.group.buyout_price,kto.17.group.is_sold,kto.17.group.highest_bid,kto.17.group.payment_price,kto.17.group.num_buyout_in_group,kto.17.group.num_of_group,kto.17.subsession.round_number,kto.17.subsession.treatment_id,kto.17.subsession.delta,kto.18.player.id_in_group,kto.18.player.role,kto.18.player.payoff,kto.18.player.private_value,kto.18.player.discounted_private_value,kto.18.player.bid_amount,kto.18.player.time_discount_rate,kto.18.player.time_discount_percentage,kto.18.player.pay_amount,kto.18.player.is_buyout,kto.18.player.is_winning_buyer,kto.18.player.is_winning_bidder,kto.18.group.id_in_subsession,kto.18.group.buyout_price,kto.18.group.is_sold,kto.18.group.highest_bid,kto.18.group.payment_price,kto.18.group.num_buyout_in_group,kto.18.group.num_of_group,kto.18.subsession.round_number,kto.18.subsession.treatment_id,kto.18.subsession.delta,kto.19.player.id_in_group,kto.19.player.role,kto.19.player.payoff,kto.19.player.private_value,kto.19.player.discounted_private_value,kto.19.player.bid_amount,kto.19.player.time_discount_rate,kto.19.player.time_discount_percentage,kto.19.player.pay_amount,kto.19.player.is_buyout,kto.19.player.is_winning_buyer,kto.19.player.is_winning_bidder,kto.19.group.id_in_subsession,kto.19.group.buyout_price,kto.19.group.is_sold,kto.19.group.highest_bid,kto.19.group.payment_price,kto.19.group.num_buyout_in_group,kto.19.group.num_of_group,kto.19.subsession.round_number,kto.19.subsession.treatment_id,kto.19.subsession.delta,kto.20.player.id_in_group,kto.20.player.role,kto.20.player.payoff,kto.20.player.private_value,kto.20.player.discounted_private_value,kto.20.player.bid_amount,kto.20.player.time_discount_rate,kto.20.player.time_discount_percentage,kto.20.player.pay_amount,kto.20.player.is_buyout,kto.20.player.is_winning_buyer,kto.20.player.is_winning_bidder,kto.20.group.id_in_subsession,kto.20.group.buyout_price,kto.20.group.is_sold,kto.20.group.highest_bid,kto.20.group.payment_price,kto.20.group.num_buyout_in_group,kto.20.group.num_of_group,kto.20.subsession.round_number,kto.20.subsession.treatment_id,kto.20.subsession.delta
1,22x27mwl,918,0,162,162,kto,FinalResults,2023-01-26 02:08:49.950557,1,,,1858.0,,,j1lv3s4e,,,,,0,kto,1.0,1000.0,2,0,20,1,,0.0,1,1,1,,0.0,460.0,92.0,,0.2,20,-280.0,1,0,0,1,740.0,1,,,1,4,1,13,0.2,1,,0.0,320.0,64.0,,0.2,20,-420.0,1,0,0,1,740.0,1,,,1,2,2,18,0.2,1,,540.0,640.0,640.0,650.0,1.0,100,100.0,1,0,1,1,740.0,0,650.0,100.0,0,2,3,10,0.2,1,,0.0,350.0,350.0,,1.0,100,-390.0,1,0,0,1,740.0,1,,,1,4,4,2,0.2,1,,0.0,790.0,790.0,,1.0,100,50.0,999,0,0,1,740.0,1,,,2,4,5,4,0.2,1,,0.0,280.0,56.0,,0.2,20,-460.0,1,0,0,1,740.0,1,,,2,4,6,12,0.2,1,,0.0,220.0,44.0,,0.2,20,-520.0,1,0,0,1,740.0,1,,,1,4,7,14,0.2,1,,0.0,110.0,110.0,,1.0,100,-630.0,1,0,0,1,740.0,1,,,1,4,8,1,0.2,1,,530.0,560.0,560.0,570.0,1.0,100,30.0,1,0,1,1,740.0,0,570.0,30.0,0,2,9,9,0.2,1,,0.0,240.0,48.0,,0.2,20,-500.0,1,0,0,1,740.0,1,,,1,4,10,11,0.2,1,,80.0,820.0,164.0,,0.2,20,80.0,999,1,0,1,740.0,1,,,1,2,11,20,0.2,1,,0.0,70.0,70.0,70.0,1.0,100,0.0,1,0,0,1,740.0,0,625.0,70.0,0,2,12,7,0.2,1,,0.0,610.0,610.0,,1.0,100,-130.0,1,0,0,1,740.0,1,,,2,4,13,3,0.2,1,,0.0,100.0,20.0,,0.2,20,-640.0,1,0,0,1,740.0,1,,,1,2,14,17,0.2,1,,240.0,980.0,980.0,,1.0,100,240.0,999,1,0,1,740.0,1,,,1,4,15,5,0.2,1,,84.0,790.0,158.0,160.0,0.2,20,74.0,1,0,1,1,740.0,0,160.0,74.0,0,2,16,19,0.2,1,,14.0,500.0,100.0,100.0,0.2,20,86.0,1,0,1,1,740.0,0,100.0,86.0,0,2,17,16,0.2,1,,30.0,770.0,154.0,,0.2,20,30.0,999,1,0,1,740.0,1,,,1,4,18,15,0.2,1,,340.0,430.0,430.0,440.0,1.0,100,90.0,1,0,1,1,740.0,0,440.0,90.0,0,2,19,8,0.2,1,,0.0,30.0,30.0,30.0,1.0,100,0.0,1,0,0,1,740.0,0,560.0,30.0,0,2,20,6,0.2
2,uakm3rtv,901,0,162,162,kto,FinalResults,2023-01-26 02:08:50.027129,1,,,980.0,,,j1lv3s4e,,,,,0,kto,1.0,1000.0,2,0,20,2,,0.0,1,1,2,,0.0,240.0,48.0,,0.2,20,-500.0,1,0,0,4,740.0,1,,,1,4,1,13,0.2,2,,80.0,820.0,164.0,,0.2,20,80.0,999,1,0,3,740.0,1,,,1,2,2,18,0.2,2,,0.0,100.0,100.0,100.0,1.0,100,0.0,1,0,0,1,740.0,0,650.0,100.0,0,2,3,10,0.2,2,,0.0,610.0,610.0,,1.0,100,-130.0,1,0,0,2,740.0,1,,,1,4,4,2,0.2,2,,240.0,980.0,980.0,,1.0,100,240.0,999,1,0,4,740.0,1,,,2,4,5,4,0.2,2,,0.0,350.0,70.0,,0.2,20,-390.0,1,0,0,3,740.0,1,,,2,4,6,12,0.2,2,,30.0,770.0,154.0,,0.2,20,30.0,999,1,0,5,740.0,1,,,1,4,7,14,0.2,2,,100.0,840.0,840.0,,1.0,100,100.0,999,1,0,1,740.0,1,,,1,4,8,1,0.2,2,,0.0,30.0,30.0,50.0,1.0,100,0.0,1,0,0,13,740.0,0,560.0,50.0,0,2,9,9,0.2,2,,0.0,110.0,22.0,,0.2,20,-630.0,1,0,0,2,740.0,1,,,1,4,10,11,0.2,2,,0.0,500.0,100.0,,0.2,20,-240.0,1,0,0,7,740.0,1,,,1,2,11,20,0.2,2,,-100.0,640.0,640.0,,1.0,100,-100.0,999,1,0,5,740.0,1,,,1,2,12,7,0.2,2,,50.0,790.0,790.0,,1.0,100,50.0,999,1,0,3,740.0,1,,,2,4,13,3,0.2,2,,50.0,790.0,158.0,,0.2,20,50.0,999,1,0,1,740.0,1,,,1,2,14,17,0.2,2,,0.0,460.0,460.0,500.0,1.0,100,0.0,1,0,0,5,740.0,0,980.0,590.0,0,4,15,5,0.2,2,,0.0,320.0,64.0,,0.2,20,-420.0,1,0,0,5,740.0,1,,,1,2,16,19,0.2,2,,0.0,430.0,86.0,100.0,0.2,20,0.0,1,0,0,13,740.0,0,110.0,100.0,0,2,17,16,0.2,2,,0.0,220.0,44.0,,0.2,20,-520.0,1,0,0,6,740.0,1,,,1,4,18,15,0.2,2,,0.0,70.0,70.0,170.0,1.0,100,0.0,1,0,0,9,740.0,0,430.0,170.0,0,2,19,8,0.2,2,,530.0,560.0,560.0,560.0,1.0,100,30.0,1,0,1,1,740.0,0,560.0,30.0,0,2,20,6,0.2
3,lgcfgvg9,924,0,162,162,kto,FinalResults,2023-01-26 02:08:50.078826,1,,,699.0,,,j1lv3s4e,,,,,0,kto,1.0,1000.0,2,0,20,3,,0.0,1,1,3,,30.0,770.0,154.0,,0.2,20,30.0,999,1,0,1,740.0,1,,,1,4,1,13,0.2,1,,-420.0,320.0,64.0,,0.2,20,-420.0,999,1,0,2,740.0,1,,,2,2,2,18,0.2,1,,-100.0,640.0,640.0,,1.0,100,-100.0,999,1,0,2,740.0,1,,,1,2,3,10,0.2,3,,0.0,280.0,280.0,,1.0,100,-460.0,1,0,0,3,740.0,1,,,1,4,4,2,0.2,3,,0.0,110.0,110.0,,1.0,100,-630.0,1,0,0,7,740.0,1,,,1,4,5,4,0.2,3,,0.0,750.0,150.0,,0.2,20,10.0,999,0,0,6,740.0,1,,,2,4,6,12,0.2,3,,0.0,610.0,122.0,,0.2,20,-130.0,1,0,0,3,740.0,1,,,1,4,7,14,0.2,3,,0.0,460.0,460.0,,1.0,100,-280.0,1,0,0,1,740.0,1,,,1,4,8,1,0.2,1,,530.0,560.0,560.0,550.0,1.0,100,30.0,1,0,1,2,740.0,0,550.0,30.0,0,2,9,9,0.2,3,,0.0,240.0,48.0,,0.2,20,-500.0,1,0,0,4,740.0,1,,,1,4,10,11,0.2,1,,80.0,820.0,164.0,,0.2,20,80.0,999,1,0,2,740.0,1,,,1,2,11,20,0.2,1,,0.0,70.0,70.0,,1.0,100,-670.0,1,0,0,2,740.0,1,,,1,2,12,7,0.2,3,,240.0,980.0,980.0,,1.0,100,240.0,999,1,0,5,740.0,1,,,2,4,13,3,0.2,1,,0.0,100.0,20.0,10.0,0.2,20,0.0,1,0,0,2,740.0,0,158.0,10.0,0,2,14,17,0.2,3,,0.0,590.0,590.0,590.0,1.0,100,0.0,1,0,0,2,740.0,0,980.0,590.0,0,4,15,5,0.2,1,,50.0,790.0,158.0,,0.2,20,50.0,999,1,0,2,740.0,1,,,1,2,16,19,0.2,1,,14.0,500.0,100.0,150.0,0.2,20,86.0,1,0,1,2,740.0,0,150.0,86.0,0,2,17,16,0.2,3,,0.0,350.0,70.0,80.0,0.2,20,0.0,1,0,0,5,740.0,0,154.0,80.0,0,4,18,15,0.2,1,,275.0,430.0,430.0,600.0,1.0,100,155.0,1,0,1,2,740.0,0,600.0,155.0,0,2,19,8,0.2,1,,0.0,30.0,30.0,50.0,1.0,100,0.0,1,0,0,2,740.0,0,560.0,50.0,0,2,20,6,0.2
4,3vrnvzyd,931,0,162,162,kto,FinalResults,2023-01-26 02:08:50.427716,1,,,1597.0,,,j1lv3s4e,,,,,0,kto,1.0,1000.0,2,0,20,4,,0.0,1,1,4,,0.0,240.0,48.0,,0.2,20,-500.0,1,0,0,2,740.0,1,,,1,4,1,13,0.2,2,,0.0,820.0,164.0,,0.2,20,80.0,999,0,0,2,740.0,1,,,2,2,2,18,0.2,2,,0.0,100.0,100.0,100.0,1.0,100,0.0,1,0,0,10,740.0,0,540.0,100.0,0,2,3,10,0.2,4,,240.0,980.0,980.0,,1.0,100,240.0,999,1,0,2,740.0,1,,,1,4,4,2,0.2,4,,0.0,660.0,660.0,,1.0,100,-80.0,1,0,0,4,740.0,1,,,2,4,5,4,0.2,4,,30.0,770.0,154.0,,0.2,20,30.0,999,1,0,1,740.0,1,,,2,4,6,12,0.2,4,,0.0,350.0,70.0,,0.2,20,-390.0,1,0,0,3,740.0,1,,,1,4,7,14,0.2,4,,0.0,280.0,280.0,,1.0,100,-460.0,1,0,0,1,740.0,1,,,1,4,8,1,0.2,2,,0.0,30.0,30.0,30.0,1.0,100,0.0,1,0,0,8,740.0,0,1000.0,30.0,0,2,9,9,0.2,4,,10.0,750.0,150.0,,0.2,20,10.0,999,1,0,7,740.0,1,,,1,4,10,11,0.2,2,,0.0,500.0,100.0,150.0,0.2,20,0.0,1,0,0,6,740.0,0,300.0,150.0,0,2,11,20,0.2,2,,770.0,840.0,840.0,840.0,1.0,100,70.0,1,0,1,4,740.0,0,840.0,70.0,0,2,12,7,0.2,4,,0.0,190.0,190.0,,1.0,100,-550.0,1,0,0,3,740.0,1,,,2,4,13,3,0.2,2,,50.0,790.0,158.0,,0.2,20,50.0,999,1,0,14,740.0,1,,,1,2,14,17,0.2,4,,0.0,450.0,450.0,500.0,1.0,100,0.0,1,0,0,5,740.0,0,980.0,590.0,0,4,15,5,0.2,2,,0.0,320.0,64.0,,0.2,20,-420.0,1,0,0,4,740.0,1,,,1,2,16,19,0.2,2,,-13.0,430.0,86.0,100.0,0.2,20,99.0,1,0,1,12,740.0,0,100.0,99.0,0,2,17,16,0.2,4,,0.0,610.0,122.0,,0.2,20,-130.0,1,0,0,4,740.0,1,,,1,4,18,15,0.2,2,,0.0,70.0,70.0,70.0,1.0,100,0.0,1,0,0,6,740.0,0,430.0,70.0,0,2,19,8,0.2,2,,510.0,560.0,560.0,560.0,1.0,100,50.0,1,0,1,2,740.0,0,560.0,50.0,0,2,20,6,0.2
5,e8h98jyy,911,0,162,162,kto,FinalResults,2023-01-26 02:08:52.410141,1,,,1644.0,,,j1lv3s4e,,,,,0,kto,1.0,1000.0,2,0,20,5,,0.0,1,1,1,,0.0,460.0,92.0,,0.2,20,-280.0,1,0,0,2,740.0,1,,,1,4,1,13,0.2,1,,0.0,320.0,64.0,,0.2,20,-420.0,1,0,0,3,740.0,1,,,1,2,2,18,0.2,1,,540.0,640.0,640.0,640.0,1.0,100,100.0,1,0,1,3,740.0,0,640.0,100.0,0,2,3,10,0.2,1,,0.0,350.0,350.0,,1.0,100,-390.0,1,0,0,2,740.0,1,,,1,4,4,2,0.2,1,,50.0,790.0,790.0,,1.0,100,50.0,999,1,0,2,740.0,1,,,2,4,5,4,0.2,1,,0.0,280.0,56.0,,0.2,20,-460.0,1,0,0,2,740.0,1,,,1,4,6,12,0.2,1,,0.0,220.0,44.0,44.0,0.2,20,0.0,1,0,0,2,740.0,0,154.0,122.0,0,4,7,14,0.2,1,,0.0,110.0,110.0,,1.0,100,-630.0,1,0,0,2,740.0,1,,,1,4,8,1,0.2,1,,130.0,560.0,560.0,560.0,1.0,100,430.0,1,0,1,3,740.0,0,560.0,430.0,0,2,9,9,0.2,1,,0.0,240.0,48.0,,0.2,20,-500.0,1,0,0,2,740.0,1,,,1,4,10,11,0.2,1,,80.0,820.0,164.0,,0.2,20,80.0,999,1,0,3,740.0,1,,,1,2,11,20,0.2,1,,0.0,70.0,70.0,70.0,1.0,100,0.0,1,0,0,3,740.0,0,840.0,70.0,0,2,12,7,0.2,1,,0.0,610.0,610.0,,1.0,100,-130.0,1,0,0,2,740.0,1,,,1,4,13,3,0.2,1,,0.0,100.0,20.0,,0.2,20,-640.0,1,0,0,3,740.0,1,,,1,2,14,17,0.2,1,,390.0,980.0,980.0,980.0,1.0,100,590.0,1,0,1,2,740.0,0,980.0,590.0,0,4,15,5,0.2,1,,50.0,790.0,158.0,,0.2,20,50.0,999,1,0,3,740.0,1,,,1,2,16,19,0.2,1,,14.0,500.0,100.0,500.0,0.2,20,86.0,1,0,1,3,740.0,0,500.0,86.0,0,2,17,16,0.2,1,,30.0,770.0,154.0,,0.2,20,30.0,999,1,0,2,740.0,1,,,1,4,18,15,0.2,1,,360.0,430.0,430.0,450.0,1.0,100,70.0,1,0,1,3,740.0,0,450.0,70.0,0,2,19,8,0.2,1,,0.0,30.0,30.0,200.0,1.0,100,0.0,1,0,0,3,740.0,0,560.0,200.0,0,2,20,6,0.2
6,ze7cma2z,919,0,162,162,kto,FinalResults,2023-01-26 02:08:53.090443,1,,,1556.0,,,j1lv3s4e,,,,,0,kto,1.0,1000.0,2,0,20,6,,0.0,1,1,2,,0.0,240.0,48.0,,0.2,20,-500.0,1,0,0,5,740.0,1,,,1,4,1,13,0.2,2,,80.0,820.0,164.0,,0.2,20,80.0,999,1,0,9,740.0,1,,,1,2,2,18,0.2,2,,0.0,100.0,100.0,100.0,1.0,100,0.0,1,0,0,13,740.0,0,640.0,100.0,0,2,3,10,0.2,2,,0.0,610.0,610.0,,1.0,100,-130.0,1,0,0,3,740.0,1,,,1,4,4,2,0.2,2,,240.0,980.0,980.0,,1.0,100,240.0,999,1,0,5,740.0,1,,,1,4,5,4,0.2,2,,0.0,350.0,70.0,,0.2,20,-390.0,1,0,0,4,740.0,1,,,2,4,6,12,0.2,2,,30.0,770.0,154.0,,0.2,20,30.0,999,1,0,1,740.0,1,,,1,4,7,14,0.2,2,,100.0,840.0,840.0,,1.0,100,100.0,999,1,0,2,740.0,1,,,1,4,8,1,0.2,2,,0.0,30.0,30.0,430.0,1.0,100,0.0,1,0,0,3,740.0,0,560.0,430.0,0,2,9,9,0.2,2,,0.0,110.0,22.0,,0.2,20,-630.0,1,0,0,6,740.0,1,,,1,4,10,11,0.2,2,,0.0,500.0,100.0,,0.2,20,-240.0,1,0,0,13,740.0,1,,,1,2,11,20,0.2,2,,570.0,640.0,640.0,640.0,1.0,100,70.0,1,0,1,7,740.0,0,640.0,70.0,0,2,12,7,0.2,2,,50.0,790.0,790.0,,1.0,100,50.0,999,1,0,1,740.0,1,,,2,4,13,3,0.2,2,,50.0,790.0,158.0,,0.2,20,50.0,999,1,0,7,740.0,1,,,1,2,14,17,0.2,2,,0.0,460.0,460.0,,1.0,100,-280.0,1,0,0,7,740.0,1,,,1,4,15,5,0.2,2,,-94.0,320.0,64.0,264.0,0.2,20,158.0,1,0,1,11,740.0,0,264.0,158.0,0,2,16,19,0.2,2,,0.0,430.0,86.0,86.0,0.2,20,0.0,1,0,0,5,740.0,0,1000.0,86.0,0,2,17,16,0.2,2,,0.0,220.0,44.0,,0.2,20,-520.0,1,0,0,2,740.0,1,,,1,4,18,15,0.2,2,,0.0,70.0,70.0,70.0,1.0,100,0.0,1,0,0,5,740.0,0,1000.0,70.0,0,2,19,8,0.2,2,,530.0,560.0,560.0,560.0,1.0,100,30.0,1,0,1,11,740.0,0,560.0,30.0,0,2,20,6,0.2
7,q7q95kuu,912,0,162,162,kto,FinalResults,2023-01-26 02:08:53.961466,1,,,1590.0,,,j1lv3s4e,,,,,0,kto,1.0,1000.0,2,0,20,7,,0.0,1,1,3,,30.0,770.0,154.0,,0.2,20,30.0,999,1,0,7,740.0,1,,,1,4,1,13,0.2,1,,0.0,320.0,64.0,,0.2,20,-420.0,1,0,0,4,740.0,1,,,1,2,2,18,0.2,1,,540.0,640.0,640.0,640.0,1.0,100,100.0,1,0,1,4,740.0,0,640.0,100.0,0,2,3,10,0.2,3,,0.0,280.0,280.0,,1.0,100,-460.0,1,0,0,1,740.0,1,,,1,4,4,2,0.2,3,,0.0,110.0,110.0,,1.0,100,-630.0,1,0,0,6,740.0,1,,,2,4,5,4,0.2,3,,0.0,750.0,150.0,,0.2,20,10.0,1,0,0,2,740.0,1,,,1,4,6,12,0.2,3,,0.0,610.0,122.0,,0.2,20,-130.0,1,0,0,6,740.0,1,,,1,4,7,14,0.2,3,,0.0,460.0,460.0,,1.0,100,-280.0,1,0,0,2,740.0,1,,,1,4,8,1,0.2,1,,540.0,560.0,560.0,560.0,1.0,100,20.0,1,0,1,4,740.0,0,560.0,20.0,0,2,9,9,0.2,3,,0.0,240.0,48.0,,0.2,20,-500.0,1,0,0,3,740.0,1,,,1,4,10,11,0.2,1,,80.0,820.0,164.0,,0.2,20,80.0,999,1,0,4,740.0,1,,,1,2,11,20,0.2,1,,0.0,70.0,70.0,70.0,1.0,100,0.0,1,0,0,4,740.0,0,840.0,70.0,0,2,12,7,0.2,3,,0.0,980.0,980.0,,1.0,100,240.0,999,0,0,7,740.0,1,,,2,4,13,3,0.2,1,,0.0,100.0,20.0,,0.2,20,-640.0,1,0,0,4,740.0,1,,,1,2,14,17,0.2,3,,0.0,590.0,590.0,590.0,1.0,100,0.0,1,0,0,5,740.0,0,980.0,590.0,0,4,15,5,0.2,1,,50.0,790.0,158.0,,0.2,20,50.0,999,1,0,4,740.0,1,,,1,2,16,19,0.2,1,,20.0,500.0,100.0,100.0,0.2,20,80.0,1,0,1,4,740.0,0,100.0,80.0,0,2,17,16,0.2,3,,0.0,350.0,70.0,,0.2,20,-390.0,1,0,0,4,740.0,1,,,1,4,18,15,0.2,1,,330.0,430.0,430.0,430.0,1.0,100,100.0,1,0,1,4,740.0,0,430.0,100.0,0,2,19,8,0.2,1,,0.0,30.0,30.0,30.0,1.0,100,0.0,1,0,0,4,740.0,0,560.0,30.0,0,2,20,6,0.2
8,xl7z56ba,926,0,162,162,kto,FinalResults,2023-01-26 02:08:55.355239,1,,,1040.0,,,j1lv3s4e,,,,,0,kto,1.0,1000.0,2,0,20,8,,0.0,1,1,4,,0.0,240.0,48.0,,0.2,20,-500.0,1,0,0,5,740.0,1,,,1,4,1,13,0.2,2,,80.0,820.0,164.0,,0.2,20,80.0,999,1,0,8,740.0,1,,,1,2,2,18,0.2,2,,0.0,100.0,100.0,,1.0,100,-640.0,1,0,0,2,740.0,1,,,1,2,3,10,0.2,4,,240.0,980.0,980.0,,1.0,100,240.0,999,1,0,1,740.0,1,,,1,4,4,2,0.2,4,,0.0,660.0,660.0,,1.0,100,-80.0,1,0,0,2,740.0,1,,,2,4,5,4,0.2,4,,30.0,770.0,154.0,,0.2,20,30.0,999,1,0,6,740.0,1,,,2,4,6,12,0.2,4,,0.0,350.0,70.0,70.0,0.2,20,0.0,1,0,0,2,740.0,0,154.0,122.0,0,4,7,14,0.2,4,,0.0,280.0,280.0,,1.0,100,-460.0,1,0,0,2,740.0,1,,,1,4,8,1,0.2,2,,0.0,30.0,30.0,30.0,1.0,100,0.0,1,0,0,14,740.0,0,560.0,30.0,0,2,9,9,0.2,4,,10.0,750.0,150.0,,0.2,20,10.0,999,1,0,3,740.0,1,,,1,4,10,11,0.2,2,,0.0,500.0,100.0,,0.2,20,-240.0,1,0,0,12,740.0,1,,,1,2,11,20,0.2,2,,100.0,840.0,840.0,,1.0,100,100.0,999,1,0,10,740.0,1,,,1,2,12,7,0.2,4,,0.0,190.0,190.0,,1.0,100,-550.0,1,0,0,4,740.0,1,,,2,4,13,3,0.2,2,,50.0,790.0,158.0,,0.2,20,50.0,999,1,0,6,740.0,1,,,1,2,14,17,0.2,4,,0.0,450.0,450.0,,1.0,100,-290.0,1,0,0,7,740.0,1,,,1,4,15,5,0.2,2,,0.0,320.0,64.0,,0.2,20,-420.0,1,0,0,10,740.0,1,,,1,2,16,19,0.2,2,,0.0,430.0,86.0,80.0,0.2,20,0.0,1,0,0,4,740.0,0,100.0,80.0,0,2,17,16,0.2,4,,0.0,610.0,122.0,,0.2,20,-130.0,1,0,0,7,740.0,1,,,1,4,18,15,0.2,2,,0.0,70.0,70.0,70.0,1.0,100,0.0,1,0,0,12,740.0,0,420.0,70.0,0,2,19,8,0.2,2,,530.0,560.0,560.0,560.0,1.0,100,30.0,1,0,1,8,740.0,0,560.0,30.0,0,2,20,6,0.2
9,4rxuv1t6,930,0,162,162,kto,FinalResults,2023-01-26 02:08:56.267441,1,,,1114.0,,,j1lv3s4e,,,,,0,kto,1.0,1000.0,2,0,20,9,,0.0,1,1,1,,0.0,460.0,92.0,,0.2,20,-280.0,1,0,0,3,740.0,1,,,1,4,1,13,0.2,1,,0.0,320.0,64.0,64.0,0.2,20,0.0,1,0,0,5,740.0,0,125.0,64.0,0,2,2,18,0.2,1,,540.0,640.0,640.0,1000.0,1.0,100,100.0,1,0,1,5,740.0,0,1000.0,100.0,0,2,3,10,0.2,1,,0.0,350.0,350.0,,1.0,100,-390.0,1,0,0,3,740.0,1,,,1,4,4,2,0.2,1,,0.0,790.0,790.0,,1.0,100,50.0,1,0,0,3,740.0,1,,,1,4,5,4,0.2,1,,0.0,280.0,56.0,,0.2,20,-460.0,1,0,0,3,740.0,1,,,2,4,6,12,0.2,1,,0.0,220.0,44.0,,0.2,20,-520.0,1,0,0,3,740.0,1,,,1,4,7,14,0.2,1,,0.0,110.0,110.0,,1.0,100,-630.0,1,0,0,3,740.0,1,,,1,4,8,1,0.2,1,,530.0,560.0,560.0,1000.0,1.0,100,30.0,1,0,1,5,740.0,0,1000.0,30.0,0,2,9,9,0.2,1,,0.0,240.0,48.0,,0.2,20,-500.0,1,0,0,3,740.0,1,,,1,4,10,11,0.2,1,,80.0,820.0,164.0,,0.2,20,80.0,999,1,0,5,740.0,1,,,1,2,11,20,0.2,1,,0.0,70.0,70.0,,1.0,100,-670.0,1,0,0,5,740.0,1,,,1,2,12,7,0.2,1,,0.0,610.0,610.0,,1.0,100,-130.0,1,0,0,3,740.0,1,,,2,4,13,3,0.2,1,,0.0,100.0,20.0,,0.2,20,-640.0,1,0,0,5,740.0,1,,,1,2,14,17,0.2,1,,240.0,980.0,980.0,,1.0,100,240.0,999,1,0,3,740.0,1,,,1,4,15,5,0.2,1,,50.0,790.0,158.0,,0.2,20,50.0,999,1,0,5,740.0,1,,,1,2,16,19,0.2,1,,14.0,500.0,100.0,1000.0,0.2,20,86.0,1,0,1,5,740.0,0,1000.0,86.0,0,2,17,16,0.2,1,,30.0,770.0,154.0,,0.2,20,30.0,999,1,0,3,740.0,1,,,1,4,18,15,0.2,1,,360.0,430.0,430.0,1000.0,1.0,100,70.0,1,0,1,5,740.0,0,1000.0,70.0,0,2,19,8,0.2,1,,-730.0,30.0,30.0,1000.0,1.0,100,760.0,1,0,1,5,740.0,0,1000.0,760.0,0,2,20,6,0.2
10,nbvz36gq,906,0,162,162,kto,FinalResults,2023-01-26 02:08:56.646110,1,,,712.0,,,j1lv3s4e,,,,,0,kto,1.0,1000.0,2,0,20,10,,0.0,1,1,2,,-500.0,240.0,48.0,,0.2,20,-500.0,999,1,0,3,740.0,1,,,1,4,1,13,0.2,2,,100.0,820.0,164.0,125.0,0.2,20,64.0,1,0,1,5,740.0,0,125.0,64.0,0,2,2,18,0.2,2,,0.0,100.0,100.0,90.0,1.0,100,0.0,1,0,0,11,740.0,0,640.0,90.0,0,2,3,10,0.2,2,,0.0,610.0,610.0,,1.0,100,-130.0,1,0,0,1,740.0,1,,,1,4,4,2,0.2,2,,0.0,980.0,980.0,,1.0,100,240.0,999,0,0,6,740.0,1,,,2,4,5,4,0.2,2,,0.0,350.0,70.0,,0.2,20,-390.0,1,0,0,5,740.0,1,,,2,4,6,12,0.2,2,,32.0,770.0,154.0,154.0,0.2,20,122.0,1,0,1,2,740.0,0,154.0,122.0,0,4,7,14,0.2,2,,100.0,840.0,840.0,,1.0,100,100.0,999,1,0,3,740.0,1,,,1,4,8,1,0.2,2,,0.0,30.0,30.0,30.0,1.0,100,0.0,1,0,0,9,740.0,0,560.0,30.0,0,2,9,9,0.2,2,,0.0,110.0,22.0,,0.2,20,-630.0,1,0,0,7,740.0,1,,,1,4,10,11,0.2,2,,0.0,500.0,100.0,100.0,0.2,20,0.0,1,0,0,11,740.0,0,164.0,100.0,0,2,11,20,0.2,2,,570.0,640.0,640.0,625.0,1.0,100,70.0,1,0,1,1,740.0,0,625.0,70.0,0,2,12,7,0.2,2,,0.0,790.0,790.0,,1.0,100,50.0,1,0,0,2,740.0,1,,,1,4,13,3,0.2,2,,50.0,790.0,158.0,,0.2,20,50.0,999,1,0,3,740.0,1,,,1,2,14,17,0.2,2,,0.0,460.0,460.0,,1.0,100,-280.0,1,0,0,4,740.0,1,,,1,4,15,5,0.2,2,,0.0,320.0,64.0,,0.2,20,-420.0,1,0,0,7,740.0,1,,,1,2,16,19,0.2,2,,0.0,430.0,86.0,86.0,0.2,20,0.0,1,0,0,1,740.0,0,100.0,86.0,0,2,17,16,0.2,2,,0.0,220.0,44.0,,0.2,20,-520.0,1,0,0,4,740.0,1,,,1,4,18,15,0.2,2,,0.0,70.0,70.0,70.0,1.0,100,0.0,1,0,0,7,740.0,0,430.0,70.0,0,2,19,8,0.2,2,,360.0,560.0,560.0,560.0,1.0,100,200.0,1,0,1,3,740.0,0,560.0,200.0,0,2,20,6,0.2
11,l5xljkkt,908,0,162,162,kto,FinalResults,2023-01-26 02:08:57.711622,1,,,1428.0,,,j1lv3s4e,,,,,0,kto,1.0,1000.0,2,0,20,11,,0.0,1,1,3,,30.0,770.0,154.0,,0.2,20,30.0,999,1,0,6,740.0,1,,,1,4,1,13,0.2,1,,0.0,320.0,64.0,,0.2,20,-420.0,1,0,0,6,740.0,1,,,1,2,2,18,0.2,1,,570.0,640.0,640.0,640.0,1.0,100,70.0,1,0,1,6,740.0,0,640.0,70.0,0,2,3,10,0.2,3,,0.0,280.0,280.0,,1.0,100,-460.0,1,0,0,4,740.0,1,,,1,4,4,2,0.2,3,,0.0,110.0,110.0,,1.0,100,-630.0,1,0,0,1,740.0,1,,,2,4,5,4,0.2,3,,10.0,750.0,150.0,,0.2,20,10.0,999,1,0,4,740.0,1,,,2,4,6,12,0.2,3,,0.0,610.0,122.0,,0.2,20,-130.0,1,0,0,1,740.0,1,,,1,4,7,14,0.2,3,,0.0,460.0,460.0,,1.0,100,-280.0,1,0,0,3,740.0,1,,,1,4,8,1,0.2,1,,380.0,560.0,560.0,560.0,1.0,100,180.0,1,0,1,6,740.0,0,560.0,180.0,0,2,9,9,0.2,3,,0.0,240.0,48.0,,0.2,20,-500.0,1,0,0,2,740.0,1,,,1,4,10,11,0.2,1,,14.0,820.0,164.0,300.0,0.2,20,150.0,1,0,1,6,740.0,0,300.0,150.0,0,2,11,20,0.2,1,,0.0,70.0,70.0,70.0,1.0,100,0.0,1,0,0,6,740.0,0,840.0,70.0,0,2,12,7,0.2,3,,0.0,980.0,980.0,980.0,1.0,100,0.0,1,0,0,6,740.0,0,990.0,980.0,0,4,13,3,0.2,1,,0.0,100.0,20.0,,0.2,20,-640.0,1,0,0,6,740.0,1,,,1,2,14,17,0.2,3,,0.0,590.0,590.0,,1.0,100,-150.0,1,0,0,3,740.0,1,,,1,4,15,5,0.2,1,,50.0,790.0,158.0,,0.2,20,50.0,999,1,0,6,740.0,1,,,1,2,16,19,0.2,1,,14.0,500.0,100.0,100.0,0.2,20,86.0,1,0,1,6,740.0,0,100.0,86.0,0,2,17,16,0.2,3,,0.0,350.0,70.0,,0.2,20,-390.0,1,0,0,3,740.0,1,,,1,4,18,15,0.2,1,,360.0,430.0,430.0,430.0,1.0,100,70.0,1,0,1,6,740.0,0,430.0,70.0,0,2,19,8,0.2,1,,0.0,30.0,30.0,30.0,1.0,100,0.0,1,0,0,6,740.0,0,560.0,30.0,0,2,20,6,0.2
12,who320yl,916,0,162,162,kto,FinalResults,2023-01-26 02:08:57.747194,1,,,1066.0,,,j1lv3s4e,,,,,0,kto,1.0,1000.0,2,0,20,12,,0.0,1,1,4,,0.0,240.0,48.0,,0.2,20,-500.0,1,0,0,4,740.0,1,,,1,4,1,13,0.2,2,,80.0,820.0,164.0,,0.2,20,80.0,999,1,0,14,740.0,1,,,1,2,2,18,0.2,2,,0.0,100.0,100.0,100.0,1.0,100,0.0,1,0,0,8,740.0,0,630.0,100.0,0,2,3,10,0.2,4,,240.0,980.0,980.0,,1.0,100,240.0,999,1,0,4,740.0,1,,,1,4,4,2,0.2,4,,0.0,660.0,660.0,,1.0,100,-80.0,1,0,0,6,740.0,1,,,2,4,5,4,0.2,4,,30.0,770.0,154.0,,0.2,20,30.0,999,1,0,3,740.0,1,,,2,4,6,12,0.2,4,,0.0,350.0,70.0,,0.2,20,-390.0,1,0,0,7,740.0,1,,,1,4,7,14,0.2,4,,0.0,280.0,280.0,,1.0,100,-460.0,1,0,0,3,740.0,1,,,1,4,8,1,0.2,2,,0.0,30.0,30.0,180.0,1.0,100,0.0,1,0,0,6,740.0,0,560.0,180.0,0,2,9,9,0.2,4,,10.0,750.0,150.0,,0.2,20,10.0,999,1,0,2,740.0,1,,,1,4,10,11,0.2,2,,0.0,500.0,100.0,,0.2,20,-240.0,1,0,0,4,740.0,1,,,1,2,11,20,0.2,2,,100.0,840.0,840.0,,1.0,100,100.0,999,1,0,2,740.0,1,,,1,2,12,7,0.2,4,,0.0,190.0,190.0,,1.0,100,-550.0,1,0,0,5,740.0,1,,,2,4,13,3,0.2,2,,50.0,790.0,158.0,,0.2,20,50.0,999,1,0,12,740.0,1,,,1,2,14,17,0.2,4,,0.0,450.0,450.0,,1.0,100,-290.0,1,0,0,1,740.0,1,,,1,4,15,5,0.2,2,,0.0,320.0,64.0,,0.2,20,-420.0,1,0,0,2,740.0,1,,,1,2,16,19,0.2,2,,26.0,430.0,86.0,300.0,0.2,20,60.0,1,0,1,10,740.0,0,300.0,60.0,0,2,17,16,0.2,4,,0.0,610.0,122.0,,0.2,20,-130.0,1,0,0,1,740.0,1,,,1,4,18,15,0.2,2,,0.0,70.0,70.0,100.0,1.0,100,0.0,1,0,0,4,740.0,0,430.0,100.0,0,2,19,8,0.2,2,,530.0,560.0,560.0,600.0,1.0,100,30.0,1,0,1,14,740.0,0,600.0,30.0,0,2,20,6,0.2
13,prpq6vg9,905,0,162,162,kto,FinalResults,2023-01-26 02:08:57.849522,1,,,1844.0,,,j1lv3s4e,,,,,0,kto,1.0,1000.0,2,0,20,13,,0.0,1,1,1,,0.0,460.0,92.0,,0.2,20,-280.0,1,0,0,4,740.0,1,,,1,4,1,13,0.2,1,,0.0,320.0,64.0,,0.2,20,-420.0,1,0,0,7,740.0,1,,,1,2,2,18,0.2,1,,550.0,640.0,640.0,640.0,1.0,100,90.0,1,0,1,7,740.0,0,640.0,90.0,0,2,3,10,0.2,1,,0.0,350.0,350.0,,1.0,100,-390.0,1,0,0,4,740.0,1,,,1,4,4,2,0.2,1,,0.0,790.0,790.0,,1.0,100,50.0,999,0,0,4,740.0,1,,,2,4,5,4,0.2,1,,0.0,280.0,56.0,,0.2,20,-460.0,1,0,0,4,740.0,1,,,2,4,6,12,0.2,1,,0.0,220.0,44.0,,0.2,20,-520.0,1,0,0,4,740.0,1,,,1,4,7,14,0.2,1,,0.0,110.0,110.0,110.0,1.0,100,0.0,1,0,0,4,740.0,0,940.0,455.0,0,4,8,1,0.2,1,,520.0,560.0,560.0,560.0,1.0,100,40.0,1,0,1,7,740.0,0,560.0,40.0,0,2,9,9,0.2,1,,0.0,240.0,48.0,,0.2,20,-500.0,1,0,0,4,740.0,1,,,1,4,10,11,0.2,1,,80.0,820.0,164.0,,0.2,20,80.0,999,1,0,7,740.0,1,,,1,2,11,20,0.2,1,,0.0,70.0,70.0,70.0,1.0,100,0.0,1,0,0,7,740.0,0,640.0,70.0,0,2,12,7,0.2,1,,0.0,610.0,610.0,,1.0,100,-130.0,1,0,0,4,740.0,1,,,2,4,13,3,0.2,1,,0.0,100.0,20.0,,0.2,20,-640.0,1,0,0,7,740.0,1,,,1,2,14,17,0.2,1,,240.0,980.0,980.0,,1.0,100,240.0,999,1,0,4,740.0,1,,,1,4,15,5,0.2,1,,50.0,790.0,158.0,,0.2,20,50.0,999,1,0,7,740.0,1,,,1,2,16,19,0.2,1,,14.0,500.0,100.0,100.0,0.2,20,86.0,1,0,1,7,740.0,0,100.0,86.0,0,2,17,16,0.2,1,,30.0,770.0,154.0,,0.2,20,30.0,999,1,0,4,740.0,1,,,1,4,18,15,0.2,1,,360.0,430.0,430.0,430.0,1.0,100,70.0,1,0,1,7,740.0,0,430.0,70.0,0,2,19,8,0.2,1,,0.0,30.0,30.0,30.0,1.0,100,0.0,1,0,0,7,740.0,0,560.0,30.0,0,2,20,6,0.2
14,4c8o1kew,923,0,162,162,kto,FinalResults,2023-01-26 02:08:58.458245,1,,,1165.0,,,j1lv3s4e,,,,,0,kto,1.0,1000.0,2,0,20,14,,0.0,1,1,2,,0.0,240.0,48.0,,0.2,20,-500.0,1,0,0,7,740.0,1,,,1,4,1,13,0.2,2,,80.0,820.0,164.0,,0.2,20,80.0,999,1,0,7,740.0,1,,,1,2,2,18,0.2,2,,0.0,100.0,100.0,90.0,1.0,100,0.0,1,0,0,9,740.0,0,640.0,90.0,0,2,3,10,0.2,2,,0.0,610.0,610.0,,1.0,100,-130.0,1,0,0,5,740.0,1,,,1,4,4,2,0.2,2,,240.0,980.0,980.0,,1.0,100,240.0,999,1,0,7,740.0,1,,,1,4,5,4,0.2,2,,0.0,350.0,70.0,,0.2,20,-390.0,1,0,0,2,740.0,1,,,1,4,6,12,0.2,2,,30.0,770.0,154.0,,0.2,20,30.0,999,1,0,3,740.0,1,,,1,4,7,14,0.2,2,,385.0,840.0,840.0,940.0,1.0,100,455.0,1,0,1,4,740.0,0,940.0,455.0,0,4,8,1,0.2,2,,0.0,30.0,30.0,40.0,1.0,100,0.0,1,0,0,7,740.0,0,560.0,40.0,0,2,9,9,0.2,2,,0.0,110.0,22.0,,0.2,20,-630.0,1,0,0,3,740.0,1,,,1,4,10,11,0.2,2,,0.0,500.0,100.0,,0.2,20,-240.0,1,0,0,3,740.0,1,,,1,2,11,20,0.2,2,,570.0,640.0,640.0,840.0,1.0,100,70.0,1,0,1,3,740.0,0,840.0,70.0,0,2,12,7,0.2,2,,-190.0,790.0,790.0,990.0,1.0,100,980.0,1,0,1,6,740.0,0,990.0,980.0,0,4,13,3,0.2,2,,50.0,790.0,158.0,,0.2,20,50.0,999,1,0,9,740.0,1,,,1,2,14,17,0.2,2,,0.0,460.0,460.0,,1.0,100,-280.0,1,0,0,1,740.0,1,,,1,4,15,5,0.2,2,,0.0,320.0,64.0,74.0,0.2,20,0.0,1,0,0,1,740.0,0,160.0,74.0,0,2,16,19,0.2,2,,0.0,430.0,86.0,90.0,0.2,20,0.0,1,0,0,11,740.0,0,100.0,90.0,0,2,17,16,0.2,2,,0.0,220.0,44.0,,0.2,20,-520.0,1,0,0,7,740.0,1,,,1,4,18,15,0.2,2,,0.0,70.0,70.0,90.0,1.0,100,0.0,1,0,0,1,740.0,0,440.0,90.0,0,2,19,8,0.2,2,,0.0,560.0,560.0,760.0,1.0,100,0.0,1,0,0,5,740.0,0,1000.0,760.0,0,2,20,6,0.2
15,nckunmzb,928,0,162,162,kto,FinalResults,2023-01-26 02:08:58.857872,1,,,1590.0,,,j1lv3s4e,,,,,0,kto,1.0,1000.0,2,0,20,15,,0.0,1,1,3,,0.0,770.0,154.0,,0.2,20,30.0,1,0,0,3,740.0,1,,,1,4,1,13,0.2,1,,0.0,320.0,64.0,,0.2,20,-420.0,1,0,0,8,740.0,1,,,1,2,2,18,0.2,1,,540.0,640.0,640.0,630.0,1.0,100,100.0,1,0,1,8,740.0,0,630.0,100.0,0,2,3,10,0.2,3,,0.0,280.0,280.0,,1.0,100,-460.0,1,0,0,2,740.0,1,,,1,4,4,2,0.2,3,,0.0,110.0,110.0,,1.0,100,-630.0,1,0,0,5,740.0,1,,,1,4,5,4,0.2,3,,0.0,750.0,150.0,,0.2,20,10.0,999,0,0,1,740.0,1,,,2,4,6,12,0.2,3,,0.0,610.0,122.0,,0.2,20,-130.0,1,0,0,5,740.0,1,,,1,4,7,14,0.2,3,,0.0,460.0,460.0,455.0,1.0,100,0.0,1,0,0,4,740.0,0,940.0,455.0,0,4,8,1,0.2,1,,530.0,560.0,560.0,1000.0,1.0,100,30.0,1,0,1,8,740.0,0,1000.0,30.0,0,2,9,9,0.2,3,,0.0,240.0,48.0,,0.2,20,-500.0,1,0,0,7,740.0,1,,,1,4,10,11,0.2,1,,80.0,820.0,164.0,,0.2,20,80.0,999,1,0,8,740.0,1,,,1,2,11,20,0.2,1,,0.0,70.0,70.0,,1.0,100,-670.0,1,0,0,8,740.0,1,,,1,2,12,7,0.2,3,,0.0,980.0,980.0,,1.0,100,240.0,999,0,0,1,740.0,1,,,2,4,13,3,0.2,1,,0.0,100.0,20.0,,0.2,20,-640.0,1,0,0,8,740.0,1,,,1,2,14,17,0.2,3,,0.0,590.0,590.0,,1.0,100,-150.0,1,0,0,6,740.0,1,,,1,4,15,5,0.2,1,,50.0,790.0,158.0,,0.2,20,50.0,999,1,0,8,740.0,1,,,1,2,16,19,0.2,1,,30.0,500.0,100.0,150.0,0.2,20,70.0,1,0,1,8,740.0,0,150.0,70.0,0,2,17,16,0.2,3,,0.0,350.0,70.0,,0.2,20,-390.0,1,0,0,2,740.0,1,,,1,4,18,15,0.2,1,,360.0,430.0,430.0,450.0,1.0,100,70.0,1,0,1,8,740.0,0,450.0,70.0,0,2,19,8,0.2,1,,0.0,30.0,30.0,30.0,1.0,100,0.0,1,0,0,8,740.0,0,560.0,30.0,0,2,20,6,0.2
16,04245r1h,915,0,162,162,kto,FinalResults,2023-01-26 02:08:59.798122,1,,,770.0,,,j1lv3s4e,,,,,0,kto,1.0,1000.0,2,0,20,16,,0.0,1,1,4,,0.0,240.0,48.0,,0.2,20,-500.0,1,0,0,6,740.0,1,,,1,4,1,13,0.2,2,,80.0,820.0,164.0,,0.2,20,80.0,999,1,0,10,740.0,1,,,1,2,2,18,0.2,2,,0.0,100.0,100.0,100.0,1.0,100,0.0,1,0,0,4,740.0,0,640.0,100.0,0,2,3,10,0.2,4,,240.0,980.0,980.0,,1.0,100,240.0,999,1,0,3,740.0,1,,,1,4,4,2,0.2,4,,0.0,660.0,660.0,,1.0,100,-80.0,1,0,0,7,740.0,1,,,1,4,5,4,0.2,4,,30.0,770.0,154.0,,0.2,20,30.0,999,1,0,5,740.0,1,,,2,4,6,12,0.2,4,,0.0,350.0,70.0,,0.2,20,-390.0,1,0,0,4,740.0,1,,,1,4,7,14,0.2,4,,0.0,280.0,280.0,280.0,1.0,100,0.0,1,0,0,4,740.0,0,940.0,455.0,0,4,8,1,0.2,2,,0.0,30.0,30.0,30.0,1.0,100,0.0,1,0,0,2,740.0,0,550.0,30.0,0,2,9,9,0.2,4,,10.0,750.0,150.0,,0.2,20,10.0,999,1,0,1,740.0,1,,,1,4,10,11,0.2,2,,0.0,500.0,100.0,,0.2,20,-240.0,1,0,0,14,740.0,1,,,1,2,11,20,0.2,2,,100.0,840.0,840.0,,1.0,100,100.0,999,1,0,12,740.0,1,,,1,2,12,7,0.2,4,,0.0,190.0,190.0,190.0,1.0,100,0.0,1,0,0,6,740.0,0,990.0,980.0,0,4,13,3,0.2,2,,50.0,790.0,158.0,,0.2,20,50.0,999,1,0,8,740.0,1,,,1,2,14,17,0.2,4,,0.0,450.0,450.0,450.0,1.0,100,0.0,1,0,0,2,740.0,0,980.0,590.0,0,4,15,5,0.2,2,,0.0,320.0,64.0,,0.2,20,-420.0,1,0,0,12,740.0,1,,,1,2,16,19,0.2,2,,0.0,430.0,86.0,86.0,0.2,20,0.0,1,0,0,6,740.0,0,100.0,86.0,0,2,17,16,0.2,4,,0.0,610.0,122.0,,0.2,20,-130.0,1,0,0,2,740.0,1,,,1,4,18,15,0.2,2,,0.0,70.0,70.0,70.0,1.0,100,0.0,1,0,0,8,740.0,0,450.0,70.0,0,2,19,8,0.2,2,,260.0,560.0,560.0,550.0,1.0,100,300.0,1,0,1,10,740.0,0,550.0,300.0,0,2,20,6,0.2
17,omo8ugrl,920,0,162,162,kto,FinalResults,2023-01-26 02:08:59.957203,1,,,1992.0,,,j1lv3s4e,,,,,0,kto,1.0,1000.0,2,0,20,17,,0.0,1,1,1,,0.0,460.0,92.0,,0.2,20,-280.0,1,0,0,5,740.0,1,,,1,4,1,13,0.2,1,,0.0,320.0,64.0,,0.2,20,-420.0,1,0,0,9,740.0,1,,,1,2,2,18,0.2,1,,550.0,640.0,640.0,640.0,1.0,100,90.0,1,0,1,9,740.0,0,640.0,90.0,0,2,3,10,0.2,1,,0.0,350.0,350.0,,1.0,100,-390.0,1,0,0,5,740.0,1,,,1,4,4,2,0.2,1,,0.0,790.0,790.0,,1.0,100,50.0,1,0,0,5,740.0,1,,,1,4,5,4,0.2,1,,0.0,280.0,56.0,,0.2,20,-460.0,1,0,0,5,740.0,1,,,2,4,6,12,0.2,1,,0.0,220.0,44.0,,0.2,20,-520.0,1,0,0,5,740.0,1,,,1,4,7,14,0.2,1,,0.0,110.0,110.0,,1.0,100,-630.0,1,0,0,5,740.0,1,,,1,4,8,1,0.2,1,,530.0,560.0,560.0,560.0,1.0,100,30.0,1,0,1,9,740.0,0,560.0,30.0,0,2,9,9,0.2,1,,0.0,240.0,48.0,48.0,0.2,20,0.0,1,0,0,5,740.0,0,150.0,48.0,0,4,10,11,0.2,1,,80.0,820.0,164.0,,0.2,20,80.0,999,1,0,9,740.0,1,,,1,2,11,20,0.2,1,,0.0,70.0,70.0,70.0,1.0,100,0.0,1,0,0,9,740.0,0,640.0,70.0,0,2,12,7,0.2,1,,0.0,610.0,610.0,,1.0,100,-130.0,1,0,0,5,740.0,1,,,2,4,13,3,0.2,1,,0.0,100.0,20.0,,0.2,20,-640.0,1,0,0,9,740.0,1,,,1,2,14,17,0.2,1,,390.0,980.0,980.0,980.0,1.0,100,590.0,1,0,1,5,740.0,0,980.0,590.0,0,4,15,5,0.2,1,,94.0,790.0,158.0,158.0,0.2,20,64.0,1,0,1,9,740.0,0,158.0,64.0,0,2,16,19,0.2,1,,14.0,500.0,100.0,100.0,0.2,20,86.0,1,0,1,9,740.0,0,100.0,86.0,0,2,17,16,0.2,1,,74.0,770.0,154.0,154.0,0.2,20,80.0,1,0,1,5,740.0,0,154.0,80.0,0,4,18,15,0.2,1,,260.0,430.0,430.0,430.0,1.0,100,170.0,1,0,1,9,740.0,0,430.0,170.0,0,2,19,8,0.2,1,,0.0,30.0,30.0,50.0,1.0,100,0.0,1,0,0,9,740.0,0,560.0,50.0,0,2,20,6,0.2
18,de3y3lb2,914,0,162,162,kto,FinalResults,2023-01-26 02:09:00.847228,1,,,1738.0,,,j1lv3s4e,,,,,0,kto,1.0,1000.0,2,0,20,18,,0.0,1,1,2,,0.0,240.0,48.0,,0.2,20,-500.0,1,0,0,6,740.0,1,,,1,4,1,13,0.2,2,,80.0,820.0,164.0,,0.2,20,80.0,999,1,0,13,740.0,1,,,1,2,2,18,0.2,2,,0.0,100.0,100.0,100.0,1.0,100,0.0,1,0,0,3,740.0,0,640.0,100.0,0,2,3,10,0.2,2,,0.0,610.0,610.0,,1.0,100,-130.0,1,0,0,4,740.0,1,,,1,4,4,2,0.2,2,,240.0,980.0,980.0,,1.0,100,240.0,999,1,0,1,740.0,1,,,2,4,5,4,0.2,2,,0.0,350.0,70.0,,0.2,20,-390.0,1,0,0,1,740.0,1,,,2,4,6,12,0.2,2,,30.0,770.0,154.0,,0.2,20,30.0,999,1,0,7,740.0,1,,,1,4,7,14,0.2,2,,100.0,840.0,840.0,,1.0,100,100.0,999,1,0,5,740.0,1,,,1,4,8,1,0.2,2,,0.0,30.0,30.0,30.0,1.0,100,0.0,1,0,0,5,740.0,0,1000.0,30.0,0,2,9,9,0.2,2,,0.0,110.0,22.0,,0.2,20,-630.0,1,0,0,4,740.0,1,,,1,4,10,11,0.2,2,,0.0,500.0,100.0,,0.2,20,-240.0,1,0,0,1,740.0,1,,,1,2,11,20,0.2,2,,570.0,640.0,640.0,640.0,1.0,100,70.0,1,0,1,9,740.0,0,640.0,70.0,0,2,12,7,0.2,2,,50.0,790.0,790.0,,1.0,100,50.0,999,1,0,7,740.0,1,,,2,4,13,3,0.2,2,,138.0,790.0,158.0,158.0,0.2,20,20.0,1,0,1,11,740.0,0,158.0,20.0,0,2,14,17,0.2,2,,0.0,460.0,460.0,460.0,1.0,100,0.0,1,0,0,2,740.0,0,980.0,590.0,0,4,15,5,0.2,2,,0.0,320.0,64.0,,0.2,20,-420.0,1,0,0,3,740.0,1,,,1,2,16,19,0.2,2,,0.0,430.0,86.0,86.0,0.2,20,0.0,1,0,0,7,740.0,0,100.0,86.0,0,2,17,16,0.2,2,,0.0,220.0,44.0,,0.2,20,-520.0,1,0,0,3,740.0,1,,,1,4,18,15,0.2,2,,0.0,70.0,70.0,70.0,1.0,100,0.0,1,0,0,11,740.0,0,430.0,70.0,0,2,19,8,0.2,2,,530.0,560.0,560.0,560.0,1.0,100,30.0,1,0,1,7,740.0,0,560.0,30.0,0,2,20,6,0.2
19,09vhvcrm,910,0,162,162,kto,FinalResults,2023-01-26 02:09:01.289957,1,,,1830.0,,,j1lv3s4e,,,,,0,kto,1.0,1000.0,2,0,20,19,,0.0,1,1,3,,30.0,770.0,154.0,,0.2,20,30.0,999,1,0,2,740.0,1,,,1,4,1,13,0.2,1,,0.0,320.0,64.0,,0.2,20,-420.0,1,0,0,10,740.0,1,,,1,2,2,18,0.2,1,,540.0,640.0,640.0,540.0,1.0,100,100.0,1,0,1,10,740.0,0,540.0,100.0,0,2,3,10,0.2,3,,0.0,280.0,280.0,,1.0,100,-460.0,1,0,0,6,740.0,1,,,1,4,4,2,0.2,3,,0.0,110.0,110.0,,1.0,100,-630.0,1,0,0,3,740.0,1,,,1,4,5,4,0.2,3,,0.0,750.0,150.0,,0.2,20,10.0,999,0,0,3,740.0,1,,,2,4,6,12,0.2,3,,0.0,610.0,122.0,,0.2,20,-130.0,1,0,0,4,740.0,1,,,1,4,7,14,0.2,3,,0.0,460.0,460.0,,1.0,100,-280.0,1,0,0,5,740.0,1,,,1,4,8,1,0.2,1,,530.0,560.0,560.0,340.0,1.0,100,30.0,1,0,1,10,740.0,0,340.0,30.0,0,2,9,9,0.2,3,,0.0,240.0,48.0,,0.2,20,-500.0,1,0,0,1,740.0,1,,,1,4,10,11,0.2,1,,80.0,820.0,164.0,,0.2,20,80.0,999,1,0,10,740.0,1,,,1,2,11,20,0.2,1,,0.0,70.0,70.0,,1.0,100,-670.0,1,0,0,10,740.0,1,,,1,2,12,7,0.2,3,,240.0,980.0,980.0,,1.0,100,240.0,999,1,0,4,740.0,1,,,2,4,13,3,0.2,1,,0.0,100.0,20.0,,0.2,20,-640.0,1,0,0,10,740.0,1,,,1,2,14,17,0.2,3,,0.0,590.0,590.0,,1.0,100,-150.0,1,0,0,7,740.0,1,,,1,4,15,5,0.2,1,,50.0,790.0,158.0,,0.2,20,50.0,999,1,0,10,740.0,1,,,1,2,16,19,0.2,1,,0.0,500.0,100.0,60.0,0.2,20,0.0,1,0,0,10,740.0,0,300.0,60.0,0,2,17,16,0.2,3,,0.0,350.0,70.0,,0.2,20,-390.0,1,0,0,7,740.0,1,,,1,4,18,15,0.2,1,,360.0,430.0,430.0,400.0,1.0,100,70.0,1,0,1,10,740.0,0,400.0,70.0,0,2,19,8,0.2,1,,0.0,30.0,30.0,300.0,1.0,100,0.0,1,0,0,10,740.0,0,550.0,300.0,0,2,20,6,0.2
20,fgbd1qf5,925,0,162,162,kto,FinalResults,2023-01-26 02:09:01.925344,1,,,1040.0,,,j1lv3s4e,,,,,0,kto,1.0,1000.0,2,0,20,20,,0.0,1,1,4,,0.0,240.0,48.0,,0.2,20,-500.0,1,0,0,1,740.0,1,,,1,4,1,13,0.2,2,,80.0,820.0,164.0,,0.2,20,80.0,999,1,0,6,740.0,1,,,1,2,2,18,0.2,2,,0.0,100.0,100.0,100.0,1.0,100,0.0,1,0,0,14,740.0,0,640.0,100.0,0,2,3,10,0.2,4,,240.0,980.0,980.0,,1.0,100,240.0,999,1,0,7,740.0,1,,,1,4,4,2,0.2,4,,0.0,660.0,660.0,,1.0,100,-80.0,1,0,0,3,740.0,1,,,1,4,5,4,0.2,4,,30.0,770.0,154.0,,0.2,20,30.0,999,1,0,7,740.0,1,,,1,4,6,12,0.2,4,,0.0,350.0,70.0,,0.2,20,-390.0,1,0,0,5,740.0,1,,,1,4,7,14,0.2,4,,0.0,280.0,280.0,,1.0,100,-460.0,1,0,0,5,740.0,1,,,1,4,8,1,0.2,2,,0.0,30.0,30.0,30.0,1.0,100,0.0,1,0,0,12,740.0,0,550.0,30.0,0,2,9,9,0.2,4,,10.0,750.0,150.0,,0.2,20,10.0,999,1,0,6,740.0,1,,,1,4,10,11,0.2,2,,0.0,500.0,100.0,,0.2,20,-240.0,1,0,0,10,740.0,1,,,1,2,11,20,0.2,2,,100.0,840.0,840.0,,1.0,100,100.0,999,1,0,8,740.0,1,,,1,2,12,7,0.2,4,,0.0,190.0,190.0,,1.0,100,-550.0,1,0,0,1,740.0,1,,,2,4,13,3,0.2,2,,50.0,790.0,158.0,,0.2,20,50.0,999,1,0,4,740.0,1,,,1,2,14,17,0.2,4,,0.0,450.0,450.0,,1.0,100,-290.0,1,0,0,4,740.0,1,,,1,4,15,5,0.2,2,,0.0,320.0,64.0,,0.2,20,-420.0,1,0,0,8,740.0,1,,,1,2,16,19,0.2,2,,0.0,430.0,86.0,86.0,0.2,20,0.0,1,0,0,2,740.0,0,150.0,86.0,0,2,17,16,0.2,4,,0.0,610.0,122.0,,0.2,20,-130.0,1,0,0,3,740.0,1,,,1,4,18,15,0.2,2,,0.0,70.0,70.0,70.0,1.0,100,0.0,1,0,0,10,740.0,0,400.0,70.0,0,2,19,8,0.2,2,,530.0,560.0,560.0,560.0,1.0,100,30.0,1,0,1,6,740.0,0,560.0,30.0,0,2,20,6,0.2
21,wyqg21f5,902,0,162,162,kto,FinalResults,2023-01-26 02:09:02.574245,1,,,1834.0,,,j1lv3s4e,,,,,0,kto,1.0,1000.0,2,0,20,21,,0.0,1,1,1,,0.0,460.0,92.0,,0.2,20,-280.0,1,0,0,6,740.0,1,,,1,4,1,13,0.2,1,,0.0,320.0,64.0,,0.2,20,-420.0,1,0,0,11,740.0,1,,,1,2,2,18,0.2,1,,550.0,640.0,640.0,640.0,1.0,100,90.0,1,0,1,11,740.0,0,640.0,90.0,0,2,3,10,0.2,1,,0.0,350.0,350.0,,1.0,100,-390.0,1,0,0,6,740.0,1,,,1,4,4,2,0.2,1,,50.0,790.0,790.0,,1.0,100,50.0,999,1,0,6,740.0,1,,,2,4,5,4,0.2,1,,0.0,280.0,56.0,,0.2,20,-460.0,1,0,0,6,740.0,1,,,2,4,6,12,0.2,1,,0.0,220.0,44.0,,0.2,20,-520.0,1,0,0,6,740.0,1,,,1,4,7,14,0.2,1,,0.0,110.0,110.0,,1.0,100,-630.0,1,0,0,6,740.0,1,,,1,4,8,1,0.2,1,,530.0,560.0,560.0,560.0,1.0,100,30.0,1,0,1,11,740.0,0,560.0,30.0,0,2,9,9,0.2,1,,0.0,240.0,48.0,,0.2,20,-500.0,1,0,0,6,740.0,1,,,1,4,10,11,0.2,1,,64.0,820.0,164.0,164.0,0.2,20,100.0,1,0,1,11,740.0,0,164.0,100.0,0,2,11,20,0.2,1,,0.0,70.0,70.0,70.0,1.0,100,0.0,1,0,0,11,740.0,0,640.0,70.0,0,2,12,7,0.2,1,,0.0,610.0,610.0,610.0,1.0,100,0.0,1,0,0,6,740.0,0,990.0,980.0,0,4,13,3,0.2,1,,0.0,100.0,20.0,20.0,0.2,20,0.0,1,0,0,11,740.0,0,158.0,20.0,0,2,14,17,0.2,1,,240.0,980.0,980.0,,1.0,100,240.0,999,1,0,6,740.0,1,,,1,4,15,5,0.2,1,,0.0,790.0,158.0,158.0,0.2,20,0.0,1,0,0,11,740.0,0,264.0,158.0,0,2,16,19,0.2,1,,10.0,500.0,100.0,100.0,0.2,20,90.0,1,0,1,11,740.0,0,100.0,90.0,0,2,17,16,0.2,1,,30.0,770.0,154.0,,0.2,20,30.0,999,1,0,6,740.0,1,,,1,4,18,15,0.2,1,,360.0,430.0,430.0,430.0,1.0,100,70.0,1,0,1,11,740.0,0,430.0,70.0,0,2,19,8,0.2,1,,0.0,30.0,30.0,30.0,1.0,100,0.0,1,0,0,11,740.0,0,560.0,30.0,0,2,20,6,0.2
22,a8blq3ex,929,0,162,162,kto,FinalResults,2023-01-26 02:09:07.196232,1,,,1580.0,,,j1lv3s4e,,,,,0,kto,1.0,1000.0,2,0,20,22,,0.0,1,1,2,,0.0,240.0,48.0,,0.2,20,-500.0,1,0,0,2,740.0,1,,,1,4,1,13,0.2,2,,80.0,820.0,164.0,,0.2,20,80.0,999,1,0,11,740.0,1,,,1,2,2,18,0.2,2,,0.0,100.0,100.0,100.0,1.0,100,0.0,1,0,0,5,740.0,0,1000.0,100.0,0,2,3,10,0.2,2,,0.0,610.0,610.0,,1.0,100,-130.0,1,0,0,7,740.0,1,,,1,4,4,2,0.2,2,,240.0,980.0,980.0,,1.0,100,240.0,999,1,0,3,740.0,1,,,1,4,5,4,0.2,2,,0.0,350.0,70.0,,0.2,20,-390.0,1,0,0,6,740.0,1,,,2,4,6,12,0.2,2,,30.0,770.0,154.0,,0.2,20,30.0,999,1,0,4,740.0,1,,,1,4,7,14,0.2,2,,100.0,840.0,840.0,,1.0,100,100.0,999,1,0,6,740.0,1,,,1,4,8,1,0.2,2,,0.0,30.0,30.0,30.0,1.0,100,0.0,1,0,0,1,740.0,0,570.0,30.0,0,2,9,9,0.2,2,,0.0,110.0,22.0,,0.2,20,-630.0,1,0,0,1,740.0,1,,,1,4,10,11,0.2,2,,0.0,500.0,100.0,,0.2,20,-240.0,1,0,0,5,740.0,1,,,1,2,11,20,0.2,2,,570.0,640.0,640.0,640.0,1.0,100,70.0,1,0,1,11,740.0,0,640.0,70.0,0,2,12,7,0.2,2,,0.0,790.0,790.0,,1.0,100,50.0,999,0,0,5,740.0,1,,,2,4,13,3,0.2,2,,50.0,790.0,158.0,,0.2,20,50.0,999,1,0,13,740.0,1,,,1,2,14,17,0.2,2,,0.0,460.0,460.0,,1.0,100,-280.0,1,0,0,6,740.0,1,,,1,4,15,5,0.2,2,,0.0,320.0,64.0,64.0,0.2,20,0.0,1,0,0,9,740.0,0,158.0,64.0,0,2,16,19,0.2,2,,0.0,430.0,86.0,86.0,0.2,20,0.0,1,0,0,9,740.0,0,100.0,86.0,0,2,17,16,0.2,2,,0.0,220.0,44.0,44.0,0.2,20,0.0,1,0,0,5,740.0,0,154.0,80.0,0,4,18,15,0.2,2,,0.0,70.0,70.0,70.0,1.0,100,0.0,1,0,0,3,740.0,0,450.0,70.0,0,2,19,8,0.2,2,,510.0,560.0,560.0,560.0,1.0,100,50.0,1,0,1,13,740.0,0,560.0,50.0,0,2,20,6,0.2
23,07z3bnj8,917,0,162,162,kto,FinalResults,2023-01-26 02:09:09.331023,1,,,1830.0,,,j1lv3s4e,,,,,0,kto,1.0,1000.0,2,0,20,23,,0.0,1,1,3,,30.0,770.0,154.0,,0.2,20,30.0,999,1,0,4,740.0,1,,,1,4,1,13,0.2,1,,0.0,320.0,64.0,,0.2,20,-420.0,1,0,0,12,740.0,1,,,1,2,2,18,0.2,1,,540.0,640.0,640.0,630.0,1.0,100,100.0,1,0,1,12,740.0,0,630.0,100.0,0,2,3,10,0.2,3,,0.0,280.0,280.0,,1.0,100,-460.0,1,0,0,7,740.0,1,,,1,4,4,2,0.2,3,,0.0,110.0,110.0,,1.0,100,-630.0,1,0,0,4,740.0,1,,,2,4,5,4,0.2,3,,0.0,750.0,150.0,,0.2,20,10.0,999,0,0,5,740.0,1,,,2,4,6,12,0.2,3,,0.0,610.0,122.0,,0.2,20,-130.0,1,0,0,7,740.0,1,,,1,4,7,14,0.2,3,,0.0,460.0,460.0,,1.0,100,-280.0,1,0,0,6,740.0,1,,,1,4,8,1,0.2,1,,530.0,560.0,560.0,550.0,1.0,100,30.0,1,0,1,12,740.0,0,550.0,30.0,0,2,9,9,0.2,3,,0.0,240.0,48.0,,0.2,20,-500.0,1,0,0,6,740.0,1,,,1,4,10,11,0.2,1,,80.0,820.0,164.0,,0.2,20,80.0,999,1,0,12,740.0,1,,,1,2,11,20,0.2,1,,0.0,70.0,70.0,,1.0,100,-670.0,1,0,0,12,740.0,1,,,1,2,12,7,0.2,3,,240.0,980.0,980.0,,1.0,100,240.0,999,1,0,2,740.0,1,,,1,4,13,3,0.2,1,,0.0,100.0,20.0,,0.2,20,-640.0,1,0,0,12,740.0,1,,,1,2,14,17,0.2,3,,0.0,590.0,590.0,,1.0,100,-150.0,1,0,0,1,740.0,1,,,1,4,15,5,0.2,1,,50.0,790.0,158.0,,0.2,20,50.0,999,1,0,12,740.0,1,,,1,2,16,19,0.2,1,,0.0,500.0,100.0,99.0,0.2,20,0.0,1,0,0,12,740.0,0,100.0,99.0,0,2,17,16,0.2,3,,0.0,350.0,70.0,,0.2,20,-390.0,1,0,0,1,740.0,1,,,1,4,18,15,0.2,1,,360.0,430.0,430.0,420.0,1.0,100,70.0,1,0,1,12,740.0,0,420.0,70.0,0,2,19,8,0.2,1,,0.0,30.0,30.0,20.0,1.0,100,0.0,1,0,0,12,740.0,0,500.0,20.0,0,2,20,6,0.2
24,7olgi7wv,907,0,162,162,kto,FinalResults,2023-01-26 02:09:12.502372,1,,,1050.0,,,j1lv3s4e,,,,,0,kto,1.0,1000.0,2,0,20,24,,0.0,1,1,4,,0.0,240.0,48.0,,0.2,20,-500.0,1,0,0,3,740.0,1,,,1,4,1,13,0.2,2,,80.0,820.0,164.0,,0.2,20,80.0,999,1,0,12,740.0,1,,,1,2,2,18,0.2,2,,0.0,100.0,100.0,70.0,1.0,100,0.0,1,0,0,6,740.0,0,640.0,70.0,0,2,3,10,0.2,4,,240.0,980.0,980.0,,1.0,100,240.0,999,1,0,5,740.0,1,,,1,4,4,2,0.2,4,,0.0,660.0,660.0,,1.0,100,-80.0,1,0,0,1,740.0,1,,,2,4,5,4,0.2,4,,30.0,770.0,154.0,,0.2,20,30.0,999,1,0,2,740.0,1,,,1,4,6,12,0.2,4,,0.0,350.0,70.0,,0.2,20,-390.0,1,0,0,6,740.0,1,,,1,4,7,14,0.2,4,,0.0,280.0,280.0,,1.0,100,-460.0,1,0,0,6,740.0,1,,,1,4,8,1,0.2,2,,0.0,30.0,30.0,20.0,1.0,100,0.0,1,0,0,4,740.0,0,560.0,20.0,0,2,9,9,0.2,4,,10.0,750.0,150.0,,0.2,20,10.0,999,1,0,4,740.0,1,,,1,4,10,11,0.2,2,,0.0,500.0,100.0,,0.2,20,-240.0,1,0,0,2,740.0,1,,,1,2,11,20,0.2,2,,100.0,840.0,840.0,,1.0,100,100.0,999,1,0,14,740.0,1,,,1,2,12,7,0.2,4,,0.0,190.0,190.0,,1.0,100,-550.0,1,0,0,2,740.0,1,,,1,4,13,3,0.2,2,,50.0,790.0,158.0,,0.2,20,50.0,999,1,0,10,740.0,1,,,1,2,14,17,0.2,4,,0.0,450.0,450.0,,1.0,100,-290.0,1,0,0,3,740.0,1,,,1,4,15,5,0.2,2,,0.0,320.0,64.0,,0.2,20,-420.0,1,0,0,14,740.0,1,,,1,2,16,19,0.2,2,,0.0,430.0,86.0,70.0,0.2,20,0.0,1,0,0,8,740.0,0,150.0,70.0,0,2,17,16,0.2,4,,0.0,610.0,122.0,60.0,0.2,20,0.0,1,0,0,5,740.0,0,154.0,80.0,0,4,18,15,0.2,2,,0.0,70.0,70.0,155.0,1.0,100,0.0,1,0,0,2,740.0,0,600.0,155.0,0,2,19,8,0.2,2,,540.0,560.0,560.0,500.0,1.0,100,20.0,1,0,1,12,740.0,0,500.0,20.0,0,2,20,6,0.2
25,odq5aau0,913,0,162,162,kto,FinalResults,2023-01-26 02:09:13.364023,1,,,1810.0,,,j1lv3s4e,,,,,0,kto,1.0,1000.0,2,0,20,25,,0.0,1,1,1,,0.0,460.0,92.0,,0.2,20,-280.0,1,0,0,7,740.0,1,,,1,4,1,13,0.2,1,,0.0,320.0,64.0,,0.2,20,-420.0,1,0,0,13,740.0,1,,,1,2,2,18,0.2,1,,540.0,640.0,640.0,640.0,1.0,100,100.0,1,0,1,13,740.0,0,640.0,100.0,0,2,3,10,0.2,1,,0.0,350.0,350.0,,1.0,100,-390.0,1,0,0,7,740.0,1,,,1,4,4,2,0.2,1,,0.0,790.0,790.0,,1.0,100,50.0,1,0,0,7,740.0,1,,,1,4,5,4,0.2,1,,0.0,280.0,56.0,,0.2,20,-460.0,1,0,0,7,740.0,1,,,1,4,6,12,0.2,1,,0.0,220.0,44.0,,0.2,20,-520.0,1,0,0,7,740.0,1,,,1,4,7,14,0.2,1,,0.0,110.0,110.0,,1.0,100,-630.0,1,0,0,7,740.0,1,,,1,4,8,1,0.2,1,,510.0,560.0,560.0,560.0,1.0,100,50.0,1,0,1,13,740.0,0,560.0,50.0,0,2,9,9,0.2,1,,0.0,240.0,48.0,,0.2,20,-500.0,1,0,0,7,740.0,1,,,1,4,10,11,0.2,1,,80.0,820.0,164.0,,0.2,20,80.0,999,1,0,13,740.0,1,,,1,2,11,20,0.2,1,,0.0,70.0,70.0,100.0,1.0,100,0.0,1,0,0,13,740.0,0,640.0,100.0,0,2,12,7,0.2,1,,0.0,610.0,610.0,,1.0,100,-130.0,1,0,0,7,740.0,1,,,2,4,13,3,0.2,1,,0.0,100.0,20.0,,0.2,20,-640.0,1,0,0,13,740.0,1,,,1,2,14,17,0.2,1,,240.0,980.0,980.0,,1.0,100,240.0,999,1,0,7,740.0,1,,,1,4,15,5,0.2,1,,50.0,790.0,158.0,,0.2,20,50.0,999,1,0,13,740.0,1,,,1,2,16,19,0.2,1,,0.0,500.0,100.0,110.0,0.2,20,100.0,1,0,1,13,740.0,0,110.0,100.0,0,2,17,16,0.2,1,,30.0,770.0,154.0,,0.2,20,30.0,999,1,0,7,740.0,1,,,1,4,18,15,0.2,1,,360.0,430.0,430.0,440.0,1.0,100,70.0,1,0,1,13,740.0,0,440.0,70.0,0,2,19,8,0.2,1,,0.0,30.0,30.0,50.0,1.0,100,0.0,1,0,0,13,740.0,0,560.0,50.0,0,2,20,6,0.2
26,rqx5ozub,903,0,162,162,kto,FinalResults,2023-01-26 02:09:17.155947,1,,,1310.0,,,j1lv3s4e,,,,,0,kto,1.0,1000.0,2,0,20,26,,0.0,1,1,2,,0.0,240.0,48.0,,0.2,20,-500.0,1,0,0,1,740.0,1,,,1,4,1,13,0.2,2,,80.0,820.0,164.0,,0.2,20,80.0,999,1,0,1,740.0,1,,,1,2,2,18,0.2,2,,0.0,100.0,100.0,90.0,1.0,100,0.0,1,0,0,7,740.0,0,640.0,90.0,0,2,3,10,0.2,2,,0.0,610.0,610.0,,1.0,100,-130.0,1,0,0,6,740.0,1,,,1,4,4,2,0.2,2,,0.0,980.0,980.0,,1.0,100,240.0,999,0,0,2,740.0,1,,,2,4,5,4,0.2,2,,0.0,350.0,70.0,,0.2,20,-390.0,1,0,0,7,740.0,1,,,1,4,6,12,0.2,2,,30.0,770.0,154.0,,0.2,20,30.0,999,1,0,6,740.0,1,,,1,4,7,14,0.2,2,,100.0,840.0,840.0,,1.0,100,100.0,999,1,0,7,740.0,1,,,1,4,8,1,0.2,2,,0.0,30.0,30.0,30.0,1.0,100,0.0,1,0,0,11,740.0,0,560.0,30.0,0,2,9,9,0.2,2,,0.0,110.0,22.0,22.0,0.2,20,0.0,1,0,0,5,740.0,0,150.0,48.0,0,4,10,11,0.2,2,,0.0,500.0,100.0,,0.2,20,-240.0,1,0,0,9,740.0,1,,,1,2,11,20,0.2,2,,540.0,640.0,640.0,640.0,1.0,100,100.0,1,0,1,13,740.0,0,640.0,100.0,0,2,12,7,0.2,2,,0.0,790.0,790.0,,1.0,100,50.0,999,0,0,4,740.0,1,,,2,4,13,3,0.2,2,,50.0,790.0,158.0,,0.2,20,50.0,999,1,0,5,740.0,1,,,1,2,14,17,0.2,2,,0.0,460.0,460.0,,1.0,100,-280.0,1,0,0,3,740.0,1,,,1,4,15,5,0.2,2,,0.0,320.0,64.0,,0.2,20,-420.0,1,0,0,13,740.0,1,,,1,2,16,19,0.2,2,,0.0,430.0,86.0,86.0,0.2,20,0.0,1,0,0,3,740.0,0,500.0,86.0,0,2,17,16,0.2,2,,0.0,220.0,44.0,,0.2,20,-520.0,1,0,0,1,740.0,1,,,1,4,18,15,0.2,2,,0.0,70.0,70.0,70.0,1.0,100,0.0,1,0,0,13,740.0,0,440.0,70.0,0,2,19,8,0.2,2,,510.0,560.0,560.0,560.0,1.0,100,50.0,1,0,1,9,740.0,0,560.0,50.0,0,2,20,6,0.2
27,uxu6fe2p,921,0,162,162,kto,FinalResults,2023-01-26 02:09:20.163278,1,,,1604.0,,,j1lv3s4e,,,,,0,kto,1.0,1000.0,2,0,20,27,,0.0,1,1,3,,30.0,770.0,154.0,,0.2,20,30.0,999,1,0,5,740.0,1,,,1,4,1,13,0.2,1,,0.0,320.0,64.0,,0.2,20,-420.0,1,0,0,14,740.0,1,,,1,2,2,18,0.2,1,,540.0,640.0,640.0,640.0,1.0,100,100.0,1,0,1,14,740.0,0,640.0,100.0,0,2,3,10,0.2,3,,0.0,280.0,280.0,,1.0,100,-460.0,1,0,0,5,740.0,1,,,1,4,4,2,0.2,3,,0.0,110.0,110.0,,1.0,100,-630.0,1,0,0,2,740.0,1,,,2,4,5,4,0.2,3,,0.0,750.0,150.0,,0.2,20,10.0,1,0,0,7,740.0,1,,,1,4,6,12,0.2,3,,0.0,610.0,122.0,122.0,0.2,20,0.0,1,0,0,2,740.0,0,154.0,122.0,0,4,7,14,0.2,3,,0.0,460.0,460.0,,1.0,100,-280.0,1,0,0,7,740.0,1,,,1,4,8,1,0.2,1,,530.0,560.0,560.0,560.0,1.0,100,30.0,1,0,1,14,740.0,0,560.0,30.0,0,2,9,9,0.2,3,,0.0,240.0,48.0,48.0,0.2,20,0.0,1,0,0,5,740.0,0,150.0,48.0,0,4,10,11,0.2,1,,80.0,820.0,164.0,,0.2,20,80.0,999,1,0,14,740.0,1,,,1,2,11,20,0.2,1,,0.0,70.0,70.0,,1.0,100,-670.0,1,0,0,14,740.0,1,,,1,2,12,7,0.2,3,,0.0,980.0,980.0,,1.0,100,240.0,999,0,0,3,740.0,1,,,2,4,13,3,0.2,1,,0.0,100.0,20.0,,0.2,20,-640.0,1,0,0,14,740.0,1,,,1,2,14,17,0.2,3,,0.0,590.0,590.0,,1.0,100,-150.0,1,0,0,4,740.0,1,,,1,4,15,5,0.2,1,,50.0,790.0,158.0,,0.2,20,50.0,999,1,0,14,740.0,1,,,1,2,16,19,0.2,1,,14.0,500.0,100.0,100.0,0.2,20,86.0,1,0,1,14,740.0,0,100.0,86.0,0,2,17,16,0.2,3,,0.0,350.0,70.0,,0.2,20,-390.0,1,0,0,6,740.0,1,,,1,4,18,15,0.2,1,,360.0,430.0,430.0,430.0,1.0,100,70.0,1,0,1,14,740.0,0,430.0,70.0,0,2,19,8,0.2,1,,0.0,30.0,30.0,30.0,1.0,100,0.0,1,0,0,14,740.0,0,600.0,30.0,0,2,20,6,0.2
28,narq61ft,77777,0,162,162,kto,FinalResults,2023-01-26 02:09:42.651150,1,,,1870.0,,,j1lv3s4e,,,,,0,kto,1.0,1000.0,2,0,20,28,,0.0,1,1,4,,0.0,240.0,48.0,,0.2,20,-500.0,1,0,0,7,740.0,1,,,1,4,1,13,0.2,2,,80.0,820.0,164.0,,0.2,20,80.0,999,1,0,4,740.0,1,,,1,2,2,18,0.2,2,,0.0,100.0,100.0,100.0,1.0,100,0.0,1,0,0,12,740.0,0,630.0,100.0,0,2,3,10,0.2,4,,240.0,980.0,980.0,,1.0,100,240.0,999,1,0,6,740.0,1,,,1,4,4,2,0.2,4,,0.0,660.0,660.0,,1.0,100,-80.0,1,0,0,5,740.0,1,,,1,4,5,4,0.2,4,,0.0,770.0,154.0,,0.2,20,30.0,999,0,0,4,740.0,1,,,2,4,6,12,0.2,4,,0.0,350.0,70.0,,0.2,20,-390.0,1,0,0,1,740.0,1,,,1,4,7,14,0.2,4,,0.0,280.0,280.0,,1.0,100,-460.0,1,0,0,7,740.0,1,,,1,4,8,1,0.2,2,,0.0,30.0,30.0,30.0,1.0,100,0.0,1,0,0,10,740.0,0,340.0,30.0,0,2,9,9,0.2,4,,102.0,750.0,150.0,150.0,0.2,20,48.0,1,0,1,5,740.0,0,150.0,48.0,0,4,10,11,0.2,2,,0.0,500.0,100.0,,0.2,20,-240.0,1,0,0,8,740.0,1,,,1,2,11,20,0.2,2,,770.0,840.0,840.0,840.0,1.0,100,70.0,1,0,1,6,740.0,0,840.0,70.0,0,2,12,7,0.2,4,,0.0,190.0,190.0,,1.0,100,-550.0,1,0,0,7,740.0,1,,,2,4,13,3,0.2,2,,148.0,790.0,158.0,158.0,0.2,20,10.0,1,0,1,2,740.0,0,158.0,10.0,0,2,14,17,0.2,4,,0.0,450.0,450.0,,1.0,100,-290.0,1,0,0,6,740.0,1,,,1,4,15,5,0.2,2,,0.0,320.0,64.0,,0.2,20,-420.0,1,0,0,6,740.0,1,,,1,2,16,19,0.2,2,,0.0,430.0,86.0,86.0,0.2,20,0.0,1,0,0,14,740.0,0,100.0,86.0,0,2,17,16,0.2,4,,0.0,610.0,122.0,,0.2,20,-130.0,1,0,0,6,740.0,1,,,1,4,18,15,0.2,2,,0.0,70.0,70.0,70.0,1.0,100,0.0,1,0,0,14,740.0,0,430.0,70.0,0,2,19,8,0.2,2,,530.0,560.0,560.0,560.0,1.0,100,30.0,1,0,1,4,740.0,0,560.0,30.0,0,2,20,6,0.2
